t,open,high,low,close,volume,trades
2024-09-02,57275.0,59359.0,57098.0,59112.0,6754.69181,60144
2024-09-03,59112.0,59800.0,57357.0,57435.0,6746.64675,59233
2024-09-04,57436.0,58550.0,55633.0,57980.0,9961.09479,79860
2024-09-05,57979.0,58354.0,55572.0,56159.0,9127.56308,66321
2024-09-06,56153.0,56970.0,52534.0,53952.0,14740.80821,95197
2024-09-07,53951.0,54832.0,53750.0,54160.0,3015.91973,40216
2024-09-08,54160.0,55258.0,53602.0,54839.0,4023.72152,36461
2024-09-09,54840.0,58077.0,54561.0,57016.0,10899.33969,79334
2024-09-10,57016.0,58039.0,56387.0,57617.0,7503.66532,61402
2024-09-11,57616.0,57973.0,55539.0,57278.0,9941.8535,76757
2024-09-12,57287.0,58557.0,57286.0,58131.0,8273.40603,60894
2024-09-13,58133.0,60629.0,57612.0,60491.0,8516.52033,61509
2024-09-14,60484.0,60592.0,59447.0,59986.0,2362.56946,29207
2024-09-15,59987.0,60357.0,58688.0,59128.0,3601.75878,35043
2024-09-16,59127.0,59200.0,57473.0,58220.0,8308.96912,60028
2024-09-17,58219.0,61319.0,57605.0,60283.0,9396.18537,73454
2024-09-18,60284.0,61875.0,59192.0,61839.0,10854.81967,75698
2024-09-19,61819.0,63913.0,61614.0,62990.0,9769.23704,96794
2024-09-20,62996.0,64199.0,62370.0,63210.0,7669.25542,69213
2024-09-21,63200.0,63580.0,62734.0,63347.0,1827.4051,23544
2024-09-22,63348.0,64000.0,62367.0,63596.0,5344.54818,42012
2024-09-23,63597.0,64820.0,62621.0,63366.0,7472.548,59793
2024-09-24,63366.0,64732.0,62729.0,64302.0,7618.05665,53343
2024-09-25,64318.0,64866.0,62991.0,63192.0,6701.84417,50746
2024-09-26,63192.0,65918.0,62686.0,65221.0,11006.82847,75518
2024-09-27,65221.0,66524.0,64869.0,65778.0,6597.77277,65826
2024-09-28,65777.0,66278.0,65405.0,65860.0,2166.58656,31013
2024-09-29,65860.0,66169.0,65450.0,65660.0,2710.09887,33746
2024-09-30,65660.0,65669.0,62893.0,63381.0,9049.7939,83870
2024-10-01,63381.0,64188.0,60100.0,60839.0,18901.46763,131539
2024-10-02,60830.0,62381.0,59962.0,60652.0,9248.64254,81291
2024-10-03,60652.0,61480.0,59837.0,60762.0,7576.34723,63048
2024-10-04,60761.0,62480.0,60465.0,62060.0,7548.02353,59900
2024-10-05,62060.0,62365.0,61661.0,62071.0,2131.28305,27119
2024-10-06,62071.0,62979.0,61826.0,62823.0,3260.73999,32718
2024-10-07,62823.0,64505.0,62136.0,62229.0,7979.67501,61944
2024-10-08,62228.0,63228.0,61871.0,62181.0,7301.98942,50210
2024-10-09,62180.0,62565.0,60282.0,60613.0,5827.79814,47145
2024-10-10,60613.0,61309.0,58919.0,60299.0,9901.59516,63566
2024-10-11,60300.0,63400.0,60056.0,62504.0,7296.77061,55836
2024-10-12,62510.0,63484.0,62460.0,63180.0,2333.85522,24683
2024-10-13,63180.0,63270.0,62015.0,62849.0,2810.25792,29824
2024-10-14,62848.0,66500.0,62441.0,66078.0,7818.00328,66959
2024-10-15,66078.0,67929.0,64785.0,67059.0,11958.15838,98281
2024-10-16,67059.0,68432.0,66740.0,67625.0,6820.10911,74008
2024-10-17,67625.0,67958.0,66670.0,67416.0,4639.10934,48895
2024-10-18,67415.0,69026.0,67200.0,68450.0,6478.3336,59269
2024-10-19,68457.0,68728.0,68011.0,68377.0,1592.9612,22743
2024-10-20,68386.0,69444.0,68111.0,69083.0,2643.52368,28316
2024-10-21,69083.0,69577.0,66868.0,67381.0,8688.14326,68546
2024-10-22,67381.0,67835.0,66571.0,67426.0,7901.2186,68811
2024-10-23,67427.0,67440.0,65277.0,66731.0,9431.10445,68884
2024-10-24,66731.0,68863.0,66563.0,68201.0,6274.13387,70498
2024-10-25,68201.0,68776.0,65586.0,66699.0,9845.58989,80767
2024-10-26,66699.0,67458.0,66425.0,67073.0,2571.40613,32521
2024-10-27,67074.0,68324.0,66914.0,68020.0,2130.69978,30975
2024-10-28,68020.0,70343.0,67611.0,69992.0,6370.93096,60917
2024-10-29,69992.0,73722.0,69791.0,72813.0,9390.71379,83760
2024-10-30,72812.0,72994.0,71472.0,72402.0,5139.37898,57417
2024-10-31,72402.0,72720.0,69740.0,70363.0,7024.23017,62585
2024-11-01,70364.0,71659.0,68817.0,69530.0,11724.55353,89677
2024-11-02,69528.0,69928.0,69031.0,69362.0,2226.1043,25670
2024-11-03,69362.0,69380.0,67475.0,68766.0,6296.02311,52190
2024-11-04,68769.0,69491.0,66878.0,67889.0,6457.31622,61659
2024-11-05,67889.0,70612.0,67523.0,69411.0,7830.90665,81205
2024-11-06,69410.0,76484.0,69308.0,75640.0,18746.49742,155604
2024-11-07,75640.0,76847.0,74465.0,75925.0,8337.64989,86720
2024-11-08,75924.0,77240.0,75632.0,76541.0,5725.86577,64890
2024-11-09,76542.0,77007.0,75750.0,76765.0,3524.20428,48619
2024-11-10,76766.0,81619.0,76555.0,80458.0,10486.01966,107526
2024-11-11,80447.0,89702.0,80284.0,88776.0,15914.58373,148434
2024-11-12,88775.0,90050.0,85185.0,88040.0,18090.85599,183064
2024-11-13,88040.0,93466.0,86183.0,90440.0,16854.26002,161488
2024-11-14,90439.0,91917.0,86635.0,87358.0,14033.61492,137338
2024-11-15,87360.0,91922.0,87085.0,91107.0,10240.15014,83650
2024-11-16,91098.0,91807.0,90121.0,90616.0,3485.24617,40895
2024-11-17,90657.0,91528.0,88800.0,89945.0,5097.40926,46509
2024-11-18,89944.0,92678.0,89428.0,90550.0,11274.76869,104057
2024-11-19,90549.0,94000.0,90437.0,92366.0,8833.4012,93166
2024-11-20,92369.0,94878.0,91569.0,94340.0,11168.22794,88398
2024-11-21,94339.0,99142.0,94071.0,98429.0,13321.51193,100798
2024-11-22,98419.0,99654.0,97222.0,98982.0,7789.82717,64821
2024-11-23,98988.0,98996.0,97211.0,97757.0,4049.30697,41581
2024-11-24,97756.0,98656.0,95847.0,98038.0,5652.39753,60389
2024-11-25,98043.0,99022.0,92620.0,93100.0,13673.22935,94278
2024-11-26,93101.0,95046.0,90878.0,92028.0,10734.74386,90206
2024-11-27,92027.0,97290.0,91858.0,95931.0,6877.55411,59744
2024-11-28,95921.0,96643.0,94640.0,95722.0,4356.82846,38521
2024-11-29,95722.0,98733.0,95436.0,97533.0,6391.75352,50025
2024-11-30,97532.0,97533.0,96138.0,96484.0,4820.92924,33133
2024-12-01,96484.0,97933.0,95740.0,97274.0,5292.30091,42319
2024-12-02,97274.0,98267.0,94408.0,95921.0,12382.54594,92084
2024-12-03,95920.0,96385.0,93606.0,95928.0,10718.08663,86806
2024-12-04,95929.0,99150.0,94643.0,98683.0,18424.21009,103192
2024-12-05,98666.0,104940.0,90900.0,97107.0,45853.34875,312900
2024-12-06,97107.0,102010.0,96477.0,99832.0,15599.94124,125601
2024-12-07,99832.0,100566.0,98902.0,99922.0,6885.3139,58845
2024-12-08,99923.0,101510.0,98710.0,101220.0,7080.18556,53633
2024-12-09,101220.0,101350.0,94138.0,97431.0,21067.81297,152048
2024-12-10,97430.0,98395.0,94292.0,96671.0,18420.20856,133140
2024-12-11,96671.0,101944.0,95701.0,101164.0,12049.61485,106745
2024-12-12,101164.0,102603.0,99356.0,100082.0,12153.34806,104311
2024-12-13,100082.0,101940.0,99238.0,101486.0,10381.14421,91346
2024-12-14,101485.0,102790.0,100621.0,101498.0,8083.79949,68750
2024-12-15,101498.0,105885.0,101280.0,104644.0,12880.21365,108354
2024-12-16,104644.0,107900.0,103396.0,106168.0,19122.02605,160731
2024-12-17,106169.0,108603.0,105267.0,106153.0,13104.07035,135288
2024-12-18,106153.0,106500.0,100090.0,100270.0,29665.87053,241221
2024-12-19,100270.0,102746.0,95608.0,97433.0,36686.95598,294166
2024-12-20,97433.0,98248.0,92263.0,97870.0,32638.69781,270246
2024-12-21,97870.0,99580.0,96450.0,97319.0,15364.04432,134700
2024-12-22,97319.0,97485.0,94204.0,95191.0,13145.16341,121449
2024-12-23,95191.0,96500.0,92567.0,94909.0,22212.12113,186577
2024-12-24,94909.0,99400.0,93521.0,98613.0,16858.75413,149094
2024-12-25,98612.0,99571.0,97595.0,99441.0,12961.96206,117133
2024-12-26,99441.0,100000.0,95230.0,95881.0,16254.94572,146227
2024-12-27,95880.0,97602.0,93440.0,94341.0,16266.45087,147629
2024-12-28,94340.0,95824.0,94157.0,95371.0,6583.21009,83676
2024-12-29,95372.0,95390.0,93033.0,93744.0,6953.07446,80607
2024-12-30,93745.0,95071.0,91510.0,92826.0,20355.61952,179086
2024-12-31,92827.0,96340.0,92074.0,93620.0,16321.58289,134589
2025-01-01,93619.0,95270.0,92782.0,94640.0,8708.2261,80540
2025-01-02,94640.0,97867.0,94415.0,96990.0,12470.03138,131735
2025-01-03,96991.0,98998.0,96071.0,98141.0,8866.56436,110007
2025-01-04,98140.0,98843.0,97510.0,98265.0,5570.20314,73255
2025-01-05,98265.0,98893.0,97302.0,98382.0,5614.58389,70738
2025-01-06,98383.0,102495.0,97931.0,102247.0,17006.23747,180117
2025-01-07,102247.0,102860.0,96251.0,97011.0,28462.59461,244385
2025-01-08,97012.0,97357.0,92612.0,95140.0,23249.24058,231879
2025-01-09,95139.0,95464.0,91138.0,92539.0,34150.68365,285438
2025-01-10,92540.0,96000.0,92203.0,94768.0,25241.7624,238868
2025-01-11,94767.0,95042.0,93861.0,94623.0,6662.75507,79577
2025-01-12,94624.0,95525.0,93722.0,94572.0,7388.87945,71796
2025-01-13,94571.0,96000.0,88979.0,94511.0,32757.86933,291714
2025-01-14,94511.0,97300.0,94317.0,96524.0,18271.09191,168360
2025-01-15,96524.0,100683.0,96467.0,100491.0,18659.22691,191726
2025-01-16,100490.0,100879.0,97410.0,100047.0,18928.74414,202319
2025-01-17,100047.0,105877.0,100010.0,104090.0,19025.45401,235205
2025-01-18,104089.0,105064.0,102288.0,104612.0,13602.43135,171356
2025-01-19,104612.0,106620.0,99674.0,101365.0,26608.30486,237461
2025-01-20,101368.0,112044.0,99600.0,102300.0,55821.71294,526982
2025-01-21,102301.0,107386.0,100089.0,106257.0,25878.74123,329267
2025-01-22,106257.0,106476.0,103240.0,103718.0,15077.50159,179976
2025-01-23,103718.0,107049.0,101180.0,103910.0,57152.42662,542334
2025-01-24,103910.0,107155.0,102668.0,104840.0,18595.12462,319362
2025-01-25,104839.0,105300.0,104066.0,104766.0,6847.25767,204774
2025-01-26,104766.0,105500.0,102410.0,102590.0,8842.65546,197891
2025-01-27,102588.0,103247.0,97700.0,102129.0,44995.30309,727977
2025-01-28,102130.0,103770.0,100170.0,101312.0,23784.79946,310116
2025-01-29,101311.0,104722.0,101301.0,103692.0,26071.30104,287682
2025-01-30,103693.0,106467.0,103193.0,104652.0,16734.95972,218098
2025-01-31,104653.0,106101.0,101600.0,102500.0,21485.08675,286956
2025-02-01,102499.0,102830.0,100237.0,100613.0,14121.70087,225334
2025-02-02,100613.0,101466.0,96106.0,97756.0,29041.28123,409049
2025-02-03,97760.0,102580.0,91225.0,101367.0,58125.48684,741271
2025-02-04,101366.0,101756.0,96222.0,97804.0,33391.51185,486212
2025-02-05,97804.0,99235.0,96200.0,96643.0,18859.50872,311641
2025-02-06,96649.0,99136.0,95692.0,96582.0,20430.26948,311713
2025-02-07,96581.0,100160.0,95518.0,96504.0,25258.72751,345826
2025-02-08,96504.0,96905.0,95612.0,96416.0,9990.38754,169612
2025-02-09,96416.0,97283.0,94662.0,96479.0,12766.0698,191380
2025-02-10,96479.0,98333.0,95166.0,97432.0,22622.71665,287150
2025-02-11,97421.0,98521.0,94881.0,95784.0,25525.24815,322437
2025-02-12,95783.0,98221.0,94090.0,97940.0,30732.84487,351206
2025-02-13,97940.0,98160.0,95176.0,96674.0,19933.67793,265830
2025-02-14,96674.0,98872.0,96344.0,97500.0,17989.15354,284652
2025-02-15,97500.0,97969.0,97165.0,97558.0,7479.37278,151404
2025-02-16,97559.0,97726.0,95993.0,96097.0,8158.55084,131080
2025-02-17,96097.0,97027.0,95201.0,95773.0,17453.15693,227153
2025-02-18,95772.0,96791.0,93279.0,95704.0,27551.9535,316949
2025-02-19,95704.0,96965.0,95071.0,96666.0,15395.03695,229180
2025-02-20,96665.0,98675.0,96412.0,98271.0,19906.12267,311685
2025-02-21,98271.0,99444.0,94938.0,96300.0,46169.3926,487721
2025-02-22,96300.0,97000.0,95875.0,96524.0,8559.07623,168739
2025-02-23,96523.0,96615.0,95199.0,96283.0,8976.52748,149809
2025-02-24,96282.0,96535.0,91333.0,91569.0,36056.50785,463985
2025-02-25,91587.0,92575.0,86095.0,88687.0,72858.15834,678462
2025-02-26,88690.0,89448.0,82250.0,84281.0,50832.53228,533008
2025-02-27,84281.0,87109.0,82675.0,84732.0,38157.5379,449045
2025-02-28,84733.0,85084.0,78271.0,84301.0,65837.29723,708928
2025-03-01,84301.0,86500.0,83777.0,86039.0,18472.15186,271060
2025-03-02,86040.0,95000.0,84998.0,94200.0,45915.32925,493523
2025-03-03,94200.0,94341.0,85017.0,86175.0,64528.03874,635902
2025-03-04,86177.0,88967.0,81436.0,87246.0,57929.91851,623303
2025-03-05,87246.0,90976.0,86295.0,90575.0,41168.39157,465509
2025-03-06,90575.0,92763.0,87769.0,89898.0,42046.72944,465534
2025-03-07,89897.0,91348.0,84558.0,86750.0,66212.67666,671575
2025-03-08,86750.0,86881.0,85156.0,86217.0,12725.36063,195371
2025-03-09,86217.0,86498.0,79973.0,80713.0,28788.0383,339893
2025-03-10,80713.0,84015.0,77411.0,78557.0,57694.95957,592416
2025-03-11,78557.0,83589.0,76526.0,82901.0,48797.81357,512406
2025-03-12,82901.0,84455.0,80558.0,83639.0,31601.83759,422263
2025-03-13,83639.0,84300.0,79902.0,81094.0,25289.86151,327765
2025-03-14,81094.0,85289.0,80797.0,83905.0,26823.33793,319742
2025-03-15,83906.0,84637.0,83489.0,84302.0,14380.95766,156848
2025-03-16,84302.0,85053.0,81916.0,82546.0,27019.69958,258059
2025-03-17,82545.0,84699.0,82388.0,83951.0,26747.49464,261023
2025-03-18,83952.0,83960.0,81157.0,82703.0,40141.49268,384058
2025-03-19,82703.0,86979.0,82541.0,86803.0,37883.16705,351426
2025-03-20,86810.0,87429.0,83611.0,84179.0,33102.17178,291593
2025-03-21,84179.0,84815.0,83100.0,84052.0,21011.08799,222360
2025-03-22,84052.0,84500.0,83614.0,83804.0,8708.86665,110224
2025-03-23,83804.0,86070.0,83767.0,86036.0,12499.42779,174261
2025-03-24,86036.0,88737.0,85464.0,87472.0,29597.91226,358069
2025-03-25,87472.0,88561.0,86280.0,87367.0,21841.53077,304486
2025-03-26,87367.0,88247.0,85804.0,86872.0,23150.68514,277365
2025-03-27,86873.0,87722.0,85708.0,87188.0,17232.65477,238520
2025-03-28,87187.0,87460.0,83537.0,84379.0,28794.73229,325556
2025-03-29,84380.0,84587.0,81605.0,82619.0,17533.0489,208232
2025-03-30,82619.0,83509.0,81483.0,82331.0,17265.83261,234159
2025-03-31,82330.0,83904.0,81240.0,82520.0,41546.5052,396333
2025-04-01,82520.0,85547.0,82386.0,85124.0,34759.1275,378853
2025-04-02,85123.0,88566.0,82272.0,82484.0,56567.21188,540187
2025-04-03,82484.0,83880.0,81210.0,83154.0,38492.49045,391493
2025-04-04,83153.0,84697.0,81622.0,83872.0,56340.71561,544109
2025-04-05,83873.0,84265.0,82346.0,83503.0,16221.48363,221060
2025-04-06,83503.0,83747.0,77073.0,78376.0,51210.34457,466678
2025-04-07,78376.0,81356.0,74442.0,79180.0,95493.82151,932492
2025-04-08,79181.0,80888.0,76160.0,76288.0,50715.17541,584112
2025-04-09,76289.0,83606.0,74600.0,82629.0,87814.65317,842613
2025-04-10,82629.0,82756.0,78500.0,79607.0,51510.21176,604171
2025-04-11,79607.0,84300.0,78954.0,83397.0,37994.91641,497281
2025-04-12,83397.0,86004.0,82777.0,85327.0,24582.08513,348519
2025-04-13,85326.0,86193.0,82983.0,83731.0,37489.3475,482024
2025-04-14,83732.0,85787.0,83664.0,84546.0,36544.38414,450563
2025-04-15,84546.0,86420.0,83567.0,83614.0,33877.69349,404604
2025-04-16,83615.0,85443.0,83059.0,83965.0,41694.26106,423405
2025-04-17,83966.0,85450.0,83684.0,84905.0,28407.29198,238168
2025-04-18,84906.0,85078.0,84265.0,84413.0,10550.34346,120187
2025-04-19,84413.0,85617.0,84304.0,85055.0,12251.61351,130481
2025-04-20,84099.0,85293.0,83894.0,85173.0,9357.58166,91765
2025-04-21,85173.0,88429.0,85125.0,87492.0,40591.62172,382606
2025-04-22,87492.0,94024.0,87032.0,93422.0,54946.63339,475960
2025-04-23,93420.0,94764.0,91900.0,93632.0,42063.6899,457339
2025-04-24,93631.0,93996.0,91616.0,93965.0,28851.25332,330759
2025-04-25,93965.0,95864.0,92816.0,94567.0,39477.28272,383665
2025-04-26,94567.0,95156.0,93818.0,94568.0,17931.70763,171104
2025-04-27,94569.0,95270.0,93566.0,93690.0,15930.58489,181941
2025-04-28,93690.0,95583.0,92753.0,94970.0,32689.04975,355336
2025-04-29,94970.0,95450.0,93725.0,94244.0,24883.85076,265955
2025-04-30,94243.0,95222.0,92900.0,94210.0,29490.35057,296961
2025-05-01,94210.0,97443.0,94151.0,96486.0,29685.01777,309487
2025-05-02,96479.0,97900.0,96356.0,96879.0,23410.95882,263589
2025-05-03,96880.0,96911.0,95722.0,95854.0,12876.87604,162122
2025-05-04,95855.0,96573.0,94139.0,94257.0,20895.23968,242298
2025-05-05,94256.0,95172.0,93475.0,94686.0,28562.96869,306813
2025-05-06,94687.0,96897.0,93298.0,96811.0,29471.41618,317555
2025-05-07,96812.0,97687.0,95750.0,97033.0,26689.67745,339471
2025-05-08,97032.0,104398.0,96891.0,103368.0,48053.6301,477559
2025-05-09,103365.0,104459.0,102263.0,103016.0,21608.19484,307084
2025-05-10,103017.0,105115.0,102860.0,104918.0,12367.05582,186027
2025-05-11,104918.0,105081.0,103407.0,104199.0,20684.05885,305606
2025-05-12,104200.0,105910.0,100772.0,102855.0,43796.10698,499209
2025-05-13,102854.0,105044.0,101443.0,104171.0,26334.91459,326108
2025-05-14,104170.0,104385.0,102627.0,103502.0,16663.1513,223910
2025-05-15,103501.0,104196.0,101370.0,103772.0,26922.79894,339856
2025-05-16,103772.0,104640.0,103071.0,103499.0,22348.16434,284156
2025-05-17,103499.0,103701.0,102539.0,103164.0,14310.14917,199096
2025-05-18,103164.0,106723.0,103151.0,106556.0,26342.05434,287482
2025-05-19,106498.0,107216.0,102132.0,105643.0,49892.09024,449703
2025-05-20,105644.0,107428.0,104172.0,106878.0,56275.02046,488543
2025-05-21,106877.0,111300.0,106002.0,109897.0,98922.61291,753185
2025-05-22,109898.0,112124.0,109371.0,111899.0,51671.22563,540792
2025-05-23,111899.0,111936.0,106800.0,107372.0,52934.36043,498564
2025-05-24,107372.0,109558.0,106935.0,107740.0,48386.2934,466537
2025-05-25,107742.0,109385.0,106400.0,109000.0,54472.91403,407439
2025-05-26,109000.0,110660.0,108648.0,109483.0,39193.27036,338040
2025-05-27,109482.0,111104.0,107436.0,108942.0,59294.12745,543342
2025-05-28,108942.0,109331.0,106755.0,107818.0,47166.88358,413553
2025-05-29,107818.0,109072.0,105347.0,105577.0,53193.60908,472224
2025-05-30,105577.0,106284.0,103612.0,104005.0,50915.84702,476980
2025-05-31,104005.0,104915.0,103050.0,104585.0,15629.8369,231800
2025-06-01,104585.0,105917.0,103758.0,105689.0,14797.36562,196897
2025-06-02,105689.0,106109.0,103700.0,105897.0,30364.07327,312016
2025-06-03,105897.0,106828.0,104913.0,105332.0,29634.65527,337969
2025-06-04,105334.0,105943.0,104135.0,104669.0,20635.59042,257349
2025-06-05,104668.0,105880.0,100350.0,101510.0,44038.41633,431552
2025-06-06,101511.0,105300.0,101110.0,104245.0,27680.58769,331682
2025-06-07,104245.0,105866.0,103792.0,105476.0,12188.03967,150136
2025-06-08,105476.0,106431.0,105024.0,105659.0,12537.00564,150508
2025-06-09,105659.0,111000.0,105269.0,110340.0,38937.18965,365657
2025-06-10,110341.0,110500.0,108409.0,110373.0,28095.43009,318756
2025-06-11,110373.0,110480.0,108069.0,108668.0,27049.50655,308450
2025-06-12,108667.0,108817.0,105600.0,105627.0,39646.82985,426870
2025-06-13,105625.0,106152.0,102670.0,106031.0,52586.62795,579164
2025-06-14,106031.0,106159.0,104225.0,105386.0,17646.00517,224293
2025-06-15,105386.0,106095.0,104517.0,105620.0,14881.62427,221874
2025-06-16,105618.0,108987.0,105000.0,106842.0,41759.72039,357563
2025-06-17,106821.0,107836.0,103360.0,104498.0,55963.58362,549307
2025-06-18,104498.0,105539.0,103388.0,104841.0,34860.86038,380923
2025-06-19,104840.0,105196.0,103850.0,104643.0,21784.38785,208007
2025-06-20,104643.0,106558.0,102253.0,103260.0,43666.48747,398296
2025-06-21,103260.0,103956.0,100803.0,102092.0,21380.87388,270133
2025-06-22,102093.0,103391.0,98120.0,100918.0,74018.4308,672699
2025-06-23,100917.0,106098.0,99533.0,105329.0,71946.8893,624514
2025-06-24,105326.0,106252.0,104530.0,106052.0,35015.75816,374567
2025-06-25,106052.0,108121.0,105749.0,107281.0,34910.98863,365471
2025-06-26,107280.0,108257.0,106511.0,106878.0,26079.33115,318705
2025-06-27,106878.0,107672.0,106300.0,107020.0,25231.54457,330724
2025-06-28,107022.0,107502.0,106787.0,107276.0,5673.34676,95472
2025-06-29,107276.0,108541.0,107161.0,108321.0,15452.11603,201345
2025-06-30,108322.0,108742.0,106700.0,107140.0,23127.27754,246915
2025-07-01,107141.0,107510.0,105197.0,105620.0,27160.49446,285624
2025-07-02,105621.0,109721.0,105005.0,108808.0,38772.85193,339575
2025-07-03,108809.0,110495.0,108490.0,109551.0,25890.66835,300377
2025-07-04,109551.0,109723.0,107263.0,107993.0,23571.3728,261066
2025-07-05,107993.0,108419.0,107744.0,108191.0,7907.97861,126875
2025-07-06,108191.0,109763.0,107777.0,109203.0,16586.17536,180597
2025-07-07,109204.0,109759.0,107528.0,108284.0,21154.84181,253286
2025-07-08,108283.0,109248.0,107445.0,108930.0,21390.8352,255753
2025-07-09,108929.0,112068.0,108336.0,111225.0,36165.13668,414556
2025-07-10,111225.0,117863.0,110526.0,116058.0,42176.51112,478665
2025-07-11,116058.0,118970.0,115240.0,117603.0,37160.48646,530036
2025-07-12,117602.0,118332.0,116964.0,117487.0,12047.37724,238882
2025-07-13,117488.0,119604.0,117264.0,119133.0,20576.14872,282830
2025-07-14,119133.0,123358.0,118959.0,119968.0,46441.31156,557426
2025-07-15,119967.0,120060.0,115739.0,117831.0,71802.66602,772809
2025-07-16,117831.0,120182.0,117133.0,118720.0,40703.35883,547173
2025-07-17,118719.0,121097.0,117550.0,119278.0,38616.27167,405368
2025-07-18,119279.0,120931.0,116802.0,117947.0,39309.18833,430341
2025-07-19,117946.0,118494.0,117280.0,117880.0,11397.40993,155292
2025-07-20,117880.0,118948.0,116541.0,117313.0,17926.75818,247967
2025-07-21,117324.0,119721.0,116572.0,117430.0,30383.66732,351497
2025-07-22,117430.0,120386.0,116165.0,120098.0,44763.48248,415807
2025-07-23,120098.0,120244.0,117365.0,118825.0,26478.84328,303035
2025-07-24,118826.0,119571.0,117103.0,118378.0,26390.18963,359110
2025-07-25,118379.0,118530.0,114860.0,117726.0,56172.58824,510594
2025-07-26,117727.0,118354.0,117200.0,117960.0,12928.09486,174840
2025-07-27,117961.0,119848.0,117862.0,119507.0,14554.19508,192801
2025-07-28,119507.0,119934.0,117503.0,118118.0,26945.09663,287810
2025-07-29,118117.0,119339.0,117003.0,117992.0,29275.18914,294794
2025-07-30,117992.0,118848.0,115828.0,117915.0,26958.67319,289471
2025-07-31,117915.0,119027.0,115294.0,115724.0,33794.85288,368068
2025-08-01,115725.0,116042.0,112564.0,113219.0,58855.52998,564339
2025-08-02,113218.0,114011.0,111919.0,112502.0,24231.40789,269790
2025-08-03,112504.0,114788.0,111860.0,114162.0,18217.40298,220477
2025-08-04,114163.0,115701.0,114062.0,115026.0,22807.49078,263600
2025-08-05,115027.0,115105.0,112563.0,114068.0,31128.0182,324672
2025-08-06,114068.0,115702.0,113296.0,114949.0,26153.09541,288190
2025-08-07,114949.0,117630.0,114241.0,117485.0,28139.50533,262713
2025-08-08,117485.0,117641.0,115947.0,116699.0,22794.38556,224002
2025-08-09,116700.0,117986.0,116392.0,116545.0,16015.68922,157747
2025-08-10,116545.0,119412.0,116537.0,119370.0,25421.96542,232770
2025-08-11,119371.0,122384.0,118167.0,118758.0,44993.65408,425230
2025-08-12,118757.0,120397.0,118250.0,120217.0,29215.05833,272334
2025-08-13,120217.0,123823.0,119020.0,123436.0,46334.82245,368928
2025-08-14,123436.0,124598.0,117200.0,118325.0,58803.65145,498842
2025-08-15,118325.0,119274.0,116780.0,117347.0,25057.8051,299944
2025-08-16,117346.0,117888.0,117110.0,117357.0,7624.12456,108636
2025-08-17,117358.0,118549.0,117144.0,117380.0,9351.49646,112548
2025-08-18,117381.0,117529.0,114584.0,116164.0,38305.96906,306413
2025-08-19,116163.0,116673.0,112688.0,112828.0,48750.91204,332614
2025-08-20,112827.0,114603.0,112316.0,114249.0,31643.9446,263238
2025-08-21,114249.0,114801.0,111948.0,112447.0,30873.42731,227871
2025-08-22,112447.0,117420.0,111690.0,116963.0,44716.86255,355664
2025-08-23,116963.0,117062.0,114629.0,115495.0,17600.42567,172292
2025-08-24,115495.0,115723.0,110520.0,113575.0,43837.64179,299940
2025-08-25,113575.0,113765.0,109278.0,110144.0,54211.27796,455804
2025-08-26,110145.0,112431.0,108690.0,111817.0,33588.45323,330912
2025-08-27,111817.0,112699.0,110379.0,111273.0,25859.07367,281136
2025-08-28,111273.0,113527.0,110882.0,112605.0,22119.19158,245273
2025-08-29,112604.0,112661.0,107417.0,108330.0,45453.99707,404776
2025-08-30,108328.0,108943.0,107262.0,108799.0,21729.1259,203597
2025-08-31,108800.0,109500.0,108057.0,108227.0,14834.46656,157958
2025-09-01,108226.0,109919.0,107249.0,109222.0,38302.12374,342733
2025-09-02,109222.0,111752.0,108350.0,111225.0,40020.48749,329098
2025-09-03,111225.0,112580.0,110502.0,111670.0,24817.38155,232049
2025-09-04,111670.0,112171.0,109324.0,110741.0,29396.95695,248634
2025-09-05,110740.0,113400.0,110208.0,110646.0,44217.47558,360028
2025-09-06,110649.0,111304.0,109908.0,110139.0,8293.08299,115201
2025-09-07,110138.0,111560.0,110128.0,111102.0,9486.4992,121835
2025-09-08,111101.0,112871.0,110578.0,112035.0,24355.93502,213623
2025-09-09,112035.0,113222.0,110756.0,111563.0,29559.56245,249051
2025-09-10,111563.0,114266.0,110939.0,113954.0,30717.43315,286612
2025-09-11,113955.0,115498.0,113421.0,115489.0,26924.09097,253336
2025-09-12,115489.0,116643.0,114766.0,116023.0,25960.54257,236142
2025-09-13,116022.0,116288.0,115050.0,115908.0,11477.14136,127626
2025-09-14,115908.0,116139.0,115119.0,115276.0,12992.26106,138842
2025-09-15,115276.0,116776.0,114367.0,115370.0,27643.70709,246166
2025-09-16,115370.0,116924.0,114730.0,116761.0,23952.26983,215573
2025-09-17,116761.0,117226.0,114798.0,116466.0,39404.08222,342860
2025-09-18,116468.0,117960.0,116105.0,117110.0,29192.21404,260605
2025-09-19,117111.0,117530.0,115150.0,115674.0,22917.01383,208754
2025-09-20,115675.0,116135.0,115414.0,115686.0,7472.28558,111300
2025-09-21,115687.0,115843.0,115206.0,115278.0,9247.28576,122302
2025-09-22,115284.0,115430.0,111149.0,112638.0,48210.62969,354232
2025-09-23,112639.0,113289.0,111414.0,111976.0,25463.37996,235848
2025-09-24,111975.0,113947.0,110904.0,113277.0,26961.7518,262284
2025-09-25,113277.0,113489.0,108569.0,108962.0,46787.52143,392792
2025-09-26,108963.0,110268.0,108565.0,109614.0,20519.21579,256096
2025-09-27,109615.0,109688.0,109060.0,109599.0,5919.12207,85092
2025-09-28,109600.0,112316.0,109145.0,112130.0,15334.19847,158954
2025-09-29,112130.0,114379.0,111490.0,114274.0,21589.03286,239112
2025-09-30,114272.0,114778.0,112602.0,114036.0,26663.5291,288779
2025-10-01,114037.0,118619.0,113940.0,118572.0,30800.35287,339656
2025-10-02,118573.0,121050.0,118203.0,120516.0,32526.97382,408166
2025-10-03,120516.0,123950.0,119216.0,122266.0,36035.65764,398512
2025-10-04,122268.0,122853.0,121500.0,122455.0,12257.73306,185698
2025-10-05,122456.0,125913.0,122200.0,123570.0,35591.96372,382961
2025-10-06,123570.0,126297.0,123184.0,124711.0,33762.64971,409573
2025-10-07,124711.0,125244.0,120564.0,121401.0,51504.96722,472876
2025-10-08,121400.0,124303.0,121100.0,123385.0,26685.83627,384232
2025-10-09,123384.0,123783.0,119526.0,121615.0,43595.79239,475583
2025-10-10,121615.0,122460.0,100837.0,112761.0,99311.91521,940669
2025-10-11,112729.0,113302.0,109546.0,110592.0,28144.52965,442940
2025-10-12,110593.0,115793.0,109515.0,114940.0,39314.43351,527310
2025-10-13,114940.0,115963.0,113600.0,115124.0,29040.11123,519170
2025-10-14,115124.0,115371.0,109764.0,113020.0,65437.99719,752696
2025-10-15,113020.0,113592.0,110164.0,110730.0,39687.92868,494041
2025-10-16,110730.0,112038.0,107450.0,108221.0,45522.23837,576850
2025-10-17,108221.0,109255.0,103498.0,106396.0,45987.94596,701788
2025-10-18,106395.0,107496.0,106303.0,107143.0,10954.55774,220450
2025-10-19,107143.0,109407.0,106056.0,108591.0,20172.98134,331384
2025-10-20,108590.0,111679.0,107365.0,110479.0,35286.43348,480536
2025-10-21,110480.0,114244.0,107398.0,108245.0,73294.67742,776179
2025-10-22,108246.0,109132.0,106400.0,107528.0,64183.0458,633518
2025-10-23,107528.0,111332.0,107458.0,110063.0,40235.8972,494862
2025-10-24,110062.0,112142.0,109800.0,111060.0,27163.12633,433420
2025-10-25,111060.0,112000.0,110704.0,111683.0,12149.47673,205327
2025-10-26,111683.0,115777.0,111266.0,114601.0,23675.33105,298701
2025-10-27,114600.0,116475.0,113824.0,114111.0,27613.04903,376711
2025-10-28,114110.0,116129.0,112189.0,112864.0,38813.93747,516316
2025-10-29,112864.0,113627.0,109305.0,110102.0,41238.50086,589488
2025-10-30,110102.0,111673.0,106282.0,108360.0,54305.92388,742502
2025-10-31,108361.0,111170.0,108321.0,109587.0,32714.8499,597613
2025-11-01,109587.0,110569.0,109378.0,110120.0,9414.99634,207306
2025-11-02,110120.0,111255.0,109409.0,110529.0,14229.54974,262726
2025-11-03,110528.0,110735.0,105240.0,106527.0,50039.63271,715043
2025-11-04,106528.0,107247.0,98895.0,101460.0,77683.00229,999693
2025-11-05,101462.0,104582.0,98927.0,103925.0,36697.68574,681496
2025-11-06,103925.0,104236.0,100191.0,101313.0,48748.57263,641716
2025-11-07,101312.0,104124.0,99237.0,103300.0,47460.67634,625215
2025-11-08,103301.0,103367.0,101428.0,102269.0,19780.17331,282195
2025-11-09,102269.0,105521.0,101340.0,104753.0,24778.92294,419737
2025-11-10,104748.0,106703.0,104291.0,106015.0,34097.24946,514721
2025-11-11,106016.0,107519.0,102454.0,103034.0,34924.78234,550729
2025-11-12,103033.0,105299.0,100729.0,101623.0,32120.04863,494447
2025-11-13,101624.0,104000.0,98000.0,99735.0,67775.11888,855272
2025-11-14,99735.0,99887.0,94079.0,94634.0,80808.54786,1087323
2025-11-15,94633.0,96857.0,94615.0,95592.0,23296.51139,433252
2025-11-16,95593.0,96654.0,93025.0,94291.0,33721.88896,531602
2025-11-17,94291.0,96088.0,91355.0,92272.0,48567.81882,768332
2025-11-18,92273.0,93851.0,89262.0,92972.0,51225.64156,774911
2025-11-19,92973.0,92996.0,88617.0,91554.0,48841.92376,682296
2025-11-20,91554.0,93167.0,86109.0,86650.0,54189.37633,688467
2025-11-21,86650.0,87516.0,80255.0,85111.0,102959.29396,1028717
2025-11-22,85112.0,85611.0,83450.0,84711.0,25320.67791,430770
2025-11-23,84711.0,88130.0,84648.0,86807.0,39151.12811,531775
2025-11-24,86807.0,89165.0,85231.0,88232.0,51784.47511,663043
2025-11-25,88233.0,88473.0,86050.0,87332.0,40076.20686,503318
2025-11-26,87331.0,90602.0,86207.0,90420.0,36358.1801,471913
2025-11-27,90421.0,91911.0,90026.0,91310.0,26482.45972,385842
2025-11-28,91310.0,93089.0,90147.0,90842.0,30944.38487,482485
2025-11-29,90842.0,91140.0,90091.0,90768.0,12400.6421,236600
2025-11-30,90769.0,91923.0,90293.0,90326.0,11989.16095,321368
2025-12-01,90325.0,90376.0,83769.0,86216.0,68144.61692,787314
2025-12-02,86218.0,92217.0,86123.0,91237.0,46709.44352,615568
2025-12-03,91237.0,94140.0,90945.0,93395.0,39397.84212,645065
2025-12-04,93395.0,94031.0,90806.0,92034.0,30753.60378,477544
2025-12-05,92034.0,92660.0,88032.0,89294.0,38747.49449,486277
2025-12-06,89294.0,90249.0,88848.0,89181.0,12661.86354,212597
2025-12-07,89182.0,91721.0,87666.0,90344.0,33094.5518,396005
2025-12-08,90345.0,92256.0,89565.0,90594.0,32637.88187,468262
2025-12-09,90594.0,94569.0,89500.0,92654.0,42250.81202,490706
2025-12-10,92655.0,94444.0,91543.0,91961.0,42666.98875,458836
2025-12-11,91961.0,93544.0,89229.0,92481.0,43832.38573,517428
2025-12-12,92482.0,92728.0,89448.0,90228.0,28930.96278,358948
2025-12-13,90228.0,90624.0,89724.0,90222.0,5584.85718,115945
2025-12-14,90222.0,90443.0,87558.0,88128.0,16664.59379,261642
2025-12-15,88129.0,90007.0,85123.0,86427.0,45276.57871,568275
2025-12-16,86427.0,88142.0,85236.0,87814.0,29183.67405,473630
2025-12-17,87814.0,90346.0,85270.0,86210.0,42828.64483,523180
2025-12-18,86210.0,89441.0,84395.0,85477.0,50728.94671,521748
2025-12-19,85477.0,89381.0,85090.0,88092.0,45578.10654,518775
2025-12-20,88093.0,88525.0,87715.0,88317.0,8597.39678,120989
2025-12-21,88317.0,89048.0,87597.0,88607.0,13507.28787,192517
2025-12-22,88608.0,90553.0,87829.0,88573.0,36589.24944,427513
2025-12-23,88567.0,88893.0,86571.0,87459.0,29635.90502,370825
2025-12-24,87459.0,88045.0,86401.0,87653.0,19236.66439,268612
2025-12-25,87652.0,88575.0,86910.0,87200.0,13857.7802,205631
2025-12-26,87201.0,89521.0,86633.0,87339.0,27613.42715,373731
2025-12-27,87338.0,87950.0,87222.0,87844.0,4559.90238,87563
2025-12-28,87841.0,88059.0,87408.0,87928.0,9055.52282,110461
2025-12-29,87927.0,90380.0,86736.0,87228.0,38628.25064,426818
2025-12-30,87227.0,89376.0,86824.0,88466.0,19891.68889,286512
2025-12-31,88467.0,89178.0,87229.0,87632.0,16544.41411,219702
2026-01-01,87631.0,88888.0,87550.0,88809.0,10154.333,134069
2026-01-02,88810.0,90956.0,88350.0,89932.0,37817.40422,402096
2026-01-03,89932.0,90711.0,89269.0,90600.0,14142.70693,172599
2026-01-04,90599.0,91834.0,90599.0,91511.0,15979.19943,220626
2026-01-05,91510.0,94753.0,91479.0,93832.0,39930.7357,472092
2026-01-06,93831.0,94435.0,91316.0,93801.0,38754.6579,432505
2026-01-07,93801.0,93801.0,90677.0,91373.0,37511.8059,379590
2026-01-08,91373.0,91676.0,89300.0,91079.0,38596.92738,433703
2026-01-09,91079.0,92061.0,89645.0,90650.0,38891.18434,342463
2026-01-10,90651.0,90800.0,90349.0,90485.0,4701.01364,67766
2026-01-11,90485.0,91250.0,90207.0,90997.0,13190.68579,123303
2026-01-12,90998.0,92505.0,90081.0,91249.0,39666.26483,315438
2026-01-13,91249.0,96626.0,90991.0,95374.0,52162.0156,456248
2026-01-14,95374.0,97949.0,94544.0,96917.0,43298.84874,574312
2026-01-15,96917.0,97202.0,95075.0,95588.0,35711.3271,491371
2026-01-16,95589.0,95860.0,94302.0,95586.0,20018.3746,375069
2026-01-17,95586.0,95659.0,95033.0,95144.0,7220.82301,158600
2026-01-18,95143.0,95537.0,93555.0,93621.0,12520.92287,187800
2026-01-19,93620.0,93621.0,91800.0,92581.0,27498.5049,392356
2026-01-20,92582.0,92821.0,87804.0,88404.0,50965.70558,617716
2026-01-21,88403.0,90500.0,87200.0,89401.0,47470.78332,595390
2026-01-22,89400.0,90312.0,88445.0,89500.0,26606.5332,453640
2026-01-23,89500.0,91206.0,88510.0,89552.0,32823.78073,422413
2026-01-24,89552.0,89883.0,89115.0,89171.0,4278.3421,107171
2026-01-25,89172.0,89278.0,86051.0,86637.0,30708.28152,371131
2026-01-26,86638.0,88840.0,86469.0,88299.0,32514.67284,387739
2026-01-27,88299.0,89499.0,87256.0,89215.0,23366.84647,354498
2026-01-28,89216.0,90587.0,88793.0,89276.0,38448.71668,388618
2026-01-29,89276.0,89316.0,83360.0,84641.0,76798.79804,650170
2026-01-30,84639.0,84709.0,81000.0,84241.0,64886.36751,754769
2026-01-31,84240.0,84251.0,75280.0,78728.0,73446.05252,825303
2026-02-01,78728.0,79417.0,75620.0,76928.0,52294.67411,737880
2026-02-02,76928.0,79286.0,74564.0,78684.0,50420.37283,777342
2026-02-03,78684.0,79154.0,72900.0,75731.0,67300.01598,727402
2026-02-04,75732.0,76947.0,71820.0,73147.0,67327.30929,647144
2026-02-05,73139.0,73310.0,62156.0,62894.0,174278.175,1218477
2026-02-06,62894.0,71684.0,60000.0,70516.0,118133.18505,927041
2026-02-07,70516.0,71656.0,67244.0,69236.0,45175.48734,447554
2026-02-08,69237.0,72271.0,68840.0,70297.0,30139.8785,348806
2026-02-09,70290.0,71417.0,68263.0,70093.0,41623.22022,411320
2026-02-10,70093.0,70499.0,67887.0,68801.0,36530.69076,387627
2026-02-11,68802.0,69270.0,65700.0,67059.0,50439.86245,476593
2026-02-12,67058.0,68399.0,65097.0,66244.0,44186.41671,475509
2026-02-13,66245.0,69456.0,65827.0,68822.0,32502.90761,419751
2026-02-14,68823.0,70532.0,68705.0,69792.0,18119.32706,257426
2026-02-15,69792.0,70949.0,68034.0,68798.0,21027.17958,310505
2026-02-16,68800.0,70099.0,67270.0,68870.0,23415.68511,287671
2026-02-17,68870.0,69213.0,66600.0,67480.0,30980.19147,326021
2026-02-18,67481.0,68442.0,65834.0,66436.0,33289.50546,348931
2026-02-19,66436.0,67300.0,65619.0,66981.0,28562.68073,429128
2026-02-20,66982.0,68300.0,66422.0,67980.0,41024.26662,548544
2026-02-21,67979.0,68661.0,67481.0,67935.0,12003.69401,256127
2026-02-22,67932.0,68225.0,67145.0,67602.0,12375.65783,216233
2026-02-23,67602.0,67637.0,63859.0,64631.0,47709.43478,598257
2026-02-24,64631.0,64994.0,62468.0,64015.0,50578.6995,587528
2026-02-25,64015.0,69984.0,63852.0,67944.0,54277.64565,685823
2026-02-26,67945.0,68816.0,66488.0,67453.0,38410.58301,506033
2026-02-27,67452.0,68178.0,64849.0,65837.0,34280.05918,467405
2026-02-28,65838.0,67760.0,62983.0,66931.0,52549.78553,583125
2026-03-01,66931.0,68173.0,65000.0,65734.0,36117.75016,541557
2026-03-02,65734.0,70067.0,65250.0,68774.0,51212.95685,675528
2026-03-03,68773.0,69199.0,66104.0,68299.0,54591.70649,680552
2026-03-04,68298.0,73995.0,67351.0,72633.0,69942.22419,832552
2026-03-05,72634.0,73500.0,70610.0,70828.0,45069.03931,617173
2026-03-06,70827.0,71388.0,67720.0,68082.0,56121.37958,619959
2026-03-07,68082.0,68533.0,66898.0,67230.0,22543.40383,295202
2026-03-08,67230.0,68161.0,65573.0,65933.0,35141.9929,483112
2026-03-09,65933.0,69460.0,65780.0,68389.0,56214.78496,662653
2026-03-10,68388.0,71760.0,68346.0,69898.0,48154.84483,644339
2026-03-11,69897.0,71294.0,68947.0,70135.0,38344.86891,475699
2026-03-12,70136.0,70770.0,69163.0,70500.0,33693.91576,578694
2026-03-13,70500.0,73869.0,70353.0,70901.0,50934.14373,725978
2026-03-14,70900.0,71262.0,70276.0,71180.0,15023.25374,267419
2026-03-15,71181.0,73182.0,70822.0,72778.0,20698.63066,376820
2026-03-16,72778.0,74898.0,72237.0,74854.0,43780.31008,683456
2026-03-17,74854.0,75972.0,73318.0,73864.0,43841.14271,622490
2026-03-18,73863.0,74638.0,70440.0,71213.0,40229.10859,553953
2026-03-19,71213.0,71570.0,68750.0,69919.0,44324.95144,654322
2026-03-20,69920.0,71360.0,69344.0,70474.0,35492.11162,601128
2026-03-21,70474.0,71076.0,68507.0,68874.0,13669.69657,233450
2026-03-22,68875.0,69554.0,67313.0,67831.0,29643.43416,435443
2026-03-23,67831.0,71785.0,67404.0,70860.0,54028.20553,785145
2026-03-24,70861.0,71385.0,68904.0,70553.0,38126.02634,611958
2026-03-25,70554.0,72034.0,70387.0,71303.0,37014.70248,541146
2026-03-26,71302.0,71411.0,68123.0,68806.0,35818.15022,533937
2026-03-27,68806.0,69152.0,65550.0,66396.0,36622.00839,541901
2026-03-28,66397.0,67280.0,65903.0,66353.0,14151.86905,290767
2026-03-29,66353.0,67096.0,64904.0,65970.0,17549.8556,383461
2026-03-30,65969.0,68127.0,65759.0,66766.0,29827.48958,589929
2026-03-31,66766.0,68559.0,65951.0,68244.0,51041.80962,748372
2026-04-01,68243.0,69265.0,67553.0,68084.0,36481.94998,633128
2026-04-02,68083.0,68624.0,65697.0,66866.0,42345.09695,686107
2026-04-03,66866.0,67371.0,66246.0,66942.0,20921.43336,346931
2026-04-04,66930.0,67513.0,66728.0,67264.0,9142.47123,281589
2026-04-05,67263.0,69096.0,66565.0,68988.0,21049.15722,399312
2026-04-06,68989.0,70316.0,68282.0,68818.0,40551.19937,590260
2026-04-07,68817.0,72772.0,67695.0,71919.0,49182.17309,754214
2026-04-08,71920.0,72851.0,70676.0,71036.0,34431.95346,708597
2026-04-09,71036.0,73158.0,70425.0,71758.0,41364.14995,719078
2026-04-10,71757.0,73479.0,71388.0,72926.0,27098.2111,524826
2026-04-11,72926.0,73773.0,72500.0,73015.0,13283.37634,359382
2026-04-12,73015.0,73115.0,70450.0,70705.0,27032.2683,450989
2026-04-13,70708.0,74907.0,70529.0,74387.0,41478.85656,595466
2026-04-14,74387.0,76000.0,73800.0,74098.0,42416.42329,625387
2026-04-15,74097.0,75400.0,73451.0,74774.0,29303.66208,514439
2026-04-16,74775.0,75499.0,73254.0,75130.0,38828.68973,547429
2026-04-17,75129.0,78279.0,74501.0,77021.0,44353.1104,623376
2026-04-18,77021.0,77369.0,75402.0,75642.0,19165.99711,350882
2026-04-19,75642.0,76195.0,73718.0,73741.0,26973.61046,482467
2026-04-20,73741.0,76540.0,73690.0,75802.0,29061.78236,542484
2026-04-21,75801.0,76881.0,74770.0,76288.0,38474.72766,604325
2026-04-22,76289.0,79400.0,76098.0,78137.0,35975.98792,618722
2026-04-23,78138.0,78649.0,76910.0,78226.0,38171.44513,644363
2026-04-24,78226.0,78548.0,77225.0,77402.0,24693.75028,410561
2026-04-25,77402.0,77854.0,77100.0,77582.0,9436.65116,174163
2026-04-26,77582.0,78916.0,77279.0,78615.0,15318.6955,337523
2026-04-27,78616.0,79434.0,76363.0,77320.0,30555.1805,503189
2026-04-28,77320.0,77440.0,75649.0,76297.0,27487.13936,350572
2026-04-29,76297.0,77866.0,74894.0,75727.0,36637.97522,573720
2026-04-30,75727.0,76622.0,75286.0,76300.0,26419.36546,370841
2026-05-01,76300.0,78900.0,76283.0,78189.0,31644.29709,468736
2026-05-02,78189.0,79133.0,77981.0,78651.0,11733.12086,247316
2026-05-03,78651.0,79400.0,78032.0,78533.0,16606.35953,303819
2026-05-04,78533.0,80762.0,78156.0,79803.0,49250.04107,734231
2026-05-05,79803.0,81767.0,79754.0,80862.0,34018.30236,578130
2026-05-06,80863.0,82799.0,80711.0,81401.0,35339.48691,616036
2026-05-07,81402.0,81675.0,79500.0,79992.0,32877.26535,555325
2026-05-08,79991.0,80485.0,79176.0,80152.0,27810.90901,382824
2026-05-09,80153.0,81038.0,80087.0,80620.0,12592.35248,226547
2026-05-10,80619.0,82436.0,80203.0,82164.0,20225.2642,315550
2026-05-11,82165.0,82344.0,80401.0,81703.0,27730.56644,411179
2026-05-12,81704.0,81747.0,79804.0,80459.0,22614.2016,339407
2026-05-13,80459.0,81271.0,78735.0,79283.0,25467.21269,372937
2026-05-14,79283.0,81992.0,78880.0,81044.0,36390.98195,468134
2026-05-15,81044.0,81623.0,78608.0,79063.0,29636.44619,401397
2026-05-16,79062.0,79177.0,77600.0,78104.0,20239.35861,228184
2026-05-17,78104.0,78562.0,76700.0,77431.0,19768.96028,262899
2026-05-18,77430.0,77754.0,76037.0,76984.0,31062.23898,489796
2026-05-19,76984.0,77399.0,76125.0,76806.0,19921.03082,313630
2026-05-20,76807.0,77839.0,76490.0,77533.0,24614.33818,306450
2026-05-21,77533.0,78174.0,76700.0,77587.0,30340.23675,322980
2026-05-22,77587.0,77870.0,75350.0,75500.0,26664.35184,296517
2026-05-23,75500.0,77375.0,74234.0,76712.0,33214.86536,359482
2026-05-24,76711.0,77534.0,76060.0,77015.0,20162.76962,289712
2026-05-25,77015.0,77865.0,76867.0,77282.0,15808.68639,261413
2026-05-26,77281.0,78060.0,75623.0,75894.0,32928.43175,372764
2026-05-27,75895.0,76120.0,74202.0,74420.0,30400.11525,347666
2026-05-28,74420.0,74557.0,72555.0,73587.0,40933.14557,395123
2026-05-29,73588.0,74300.0,72476.0,73431.0,32765.70645,396051
2026-05-30,73432.0,74095.0,73163.0,73853.0,12754.69335,178621
2026-05-31,73853.0,74250.0,73377.0,73658.0,17573.60901,229612
2026-06-01,73658.0,74075.0,70683.0,71411.0,52526.47039,538872
2026-06-02,71411.0,71412.0,66169.0,66732.0,94456.09211,847261
2026-06-03,66732.0,67479.0,64061.0,64118.0,75735.70932,835198
2026-06-04,64118.0,64752.0,61350.0,63855.0,104680.49957,1175932
2026-06-05,63854.0,63949.0,59100.0,61033.0,134490.34055,1209646
2026-06-06,61033.0,61508.0,59459.0,60861.0,51481.3049,589374
2026-06-07,60860.0,64228.0,60714.0,63309.0,47627.23747,592272
2026-06-08,63309.0,64196.0,62375.0,63058.0,44332.07181,520866
2026-06-09,63058.0,63514.0,60765.0,61695.0,50944.20417,489034
2026-06-10,61699.0,62827.0,60733.0,61481.0,49237.45388,500920
2026-06-11,61484.0,63919.0,61484.0,63621.0,44292.86741,469989
2026-06-12,63621.0,64383.0,62801.0,63561.0,37754.48898,378008
2026-06-13,63560.0,64750.0,63420.0,64427.0,16876.1802,209727
2026-06-14,64427.0,65780.0,63648.0,65720.0,32435.23015,303766
2026-06-15,65719.0,67283.0,65325.0,66294.0,31782.36608,378026
2026-06-16,66293.0,66964.0,65320.0,65639.0,28273.23347,362315
2026-06-17,65640.0,66429.0,63878.0,64470.0,44824.1605,488209
2026-06-18,64470.0,64771.0,62235.0,62935.0,46655.60819,442217
2026-06-19,62936.0,63630.0,62292.0,63512.0,24252.73974,316905
2026-06-20,63513.0,64361.0,63170.0,64276.0,16957.99122,228270
2026-06-21,64276.0,64555.0,63242.0,63270.0,19643.47614,239398
2026-06-22,63270.0,65587.0,63270.0,64012.0,42783.49638,450007
2026-06-23,64012.0,64254.0,61901.0,62706.0,40936.85456,427868
2026-06-24,62706.0,63196.0,59060.0,61047.0,58854.0202,596800
2026-06-25,61048.0,61927.0,58062.0,59759.0,66715.92987,630379
2026-06-26,59760.0,60726.0,58308.0,60074.0,51274.16323,630175
2026-06-27,60074.0,60935.0,59825.0,59996.0,16629.99543,252881
2026-06-28,59996.0,60500.0,58875.0,59549.0,22059.112,294827
2026-06-29,59549.0,60767.0,58871.0,60227.0,40270.31842,548379
2026-06-30,60228.0,60248.0,58160.0,58603.0,41212.32765,423620
2026-07-01,58604.0,61357.0,57768.0,60010.0,56506.71653,564618
2026-07-02,60010.0,62224.0,59561.0,61587.0,49368.74648,553068
2026-07-03,61587.0,62949.0,61264.0,62576.0,28453.86028,356390
2026-07-04,62575.0,63460.0,62319.0,63127.0,22779.04395,271856
2026-07-05,63128.0,63997.0,62434.0,63635.0,18488.56772,257148
2026-07-06,63635.0,64698.0,61342.0,64054.0,48589.34967,553012
2026-07-07,64054.0,64331.0,62667.0,63355.0,34462.39672,465679
2026-07-08,63355.0,63750.0,61550.0,62283.0,32402.9311,437344
2026-07-09,62283.0,63500.0,61695.0,63225.0,27962.77802,404855
2026-07-10,63224.0,64690.0,62922.0,64155.0,28920.47794,364588
2026-07-11,64156.0,64494.0,63818.0,63823.0,11241.95685,174476
2026-07-12,63823.0,64297.0,63642.0,63780.0,12697.01825,187946
2026-07-13,63780.0,64420.0,61821.0,62331.0,34587.85431,371951
2026-07-14,62331.0,65079.0,62264.0,65000.0,42875.76578,380964
2026-07-15,65000.0,65577.0,64483.0,64738.0,27591.4066,293591
2026-07-16,64738.0,64999.0,63723.0,63815.0,25997.68696,269141
2026-07-17,63815.0,64398.0,62550.0,63928.0,30725.18854,319509
2026-07-18,63927.0,64873.0,63873.0,64827.0,12085.92978,147009
2026-07-19,64828.0,64957.0,64275.0,64718.0,14070.03176,160779
2026-07-20,64719.0,65778.0,63730.0,65226.0,42735.9526,360891
2026-07-21,65227.0,66918.0,65124.0,66527.0,31474.47357,333726
2026-07-22,66526.0,66714.0,65534.0,66086.0,29966.73257,332005
2026-07-23,66086.0,66295.0,64637.0,65069.0,26441.77955,306098
2026-07-24,65070.0,65795.0,63730.0,64123.0,33123.68641,311224
2026-07-25,64122.0,64434.0,63736.0,64361.0,10980.43849,126469
2026-07-26,64361.0,65561.0,64262.0,65366.0,11484.93585,148676
2026-07-27,65372.0,65715.0,63576.0,63736.0,31030.43653,339910
2026-07-28,63737.0,64100.0,62703.0,63906.0,29752.26288,319779
2026-07-29,63907.0,64696.0,63245.0,63962.0,37440.03573,423338
2026-07-30,63961.0,65153.0,63588.0,64754.0,19634.40001,243324
2026-07-31,64755.0,65385.0,62440.0,62856.0,32795.78462,288893
2026-08-01,62857.0,63115.0,62237.0,62790.0,10650.99939,125575
2026-08-02,62789.0,63784.0,62786.0,63556.0,17904.76902,168901
2026-08-03,63557.0,64050.0,62270.0,63492.0,27435.37873,287215
2026-08-04,63492.0,64500.0,63287.0,64068.0,27616.09577,318580
2026-08-05,64068.0,64986.0,63850.0,64625.0,28864.39008,301985
2026-08-06,64625.0,64967.0,64156.0,64293.0,17755.55911,189756
2026-08-07,64294.0,65356.0,64137.0,64885.0,20108.99645,232223
2026-08-08,64886.0,65168.0,64778.0,64933.0,6132.55533,172310
2026-08-09,64933.0,65475.0,64700.0,64868.0,9909.45533,200946
2026-08-10,64868.0,65365.0,63783.0,63952.0,25769.0461,222684
2026-08-11,63951.0,64460.0,63195.0,63560.0,19313.16105,203665
2026-08-12,63560.0,64487.0,63286.0,63468.0,26665.94726,216735
2026-08-13,63467.0,63978.0,62816.0,63480.0,28915.61353,238336
2026-08-14,63479.0,63615.0,62523.0,63029.0,20240.12342,240661
2026-08-15,63029.0,63176.0,62890.0,63056.0,4847.06736,96095
2026-08-16,63057.0,63368.0,62678.0,62873.0,9954.24958,108168
2026-08-17,62874.0,64580.0,62730.0,64494.0,30514.0474,278626
2026-08-18,64494.0,65018.0,64000.0,64696.0,21414.87999,210206
2026-08-19,64696.0,70224.0,64122.0,69323.0,83511.20001,581870
2026-08-20,69323.0,73370.0,68898.0,72996.0,66926.55142,520336
2026-08-21,73001.0,79584.0,73001.0,78383.0,102197.76664,795981
2026-08-22,78382.0,78885.0,76558.0,77133.0,38965.15424,373247
2026-08-23,77132.0,78118.0,75608.0,77804.0,32606.07035,322741
2026-08-24,77805.0,80035.0,76693.0,78996.0,63277.63267,562890
2026-08-25,78995.0,81299.0,77794.0,78494.0,69358.6281,526501
2026-08-26,78494.0,79226.0,77618.0,79026.0,42499.67772,350984
2026-08-27,79025.0,80801.0,78547.0,80221.0,46169.0087,367504
2026-08-28,80220.0,81483.0,76831.0,77832.0,57767.59234,459940
2026-08-29,77832.0,78331.0,77341.0,78228.0,13062.42516,149984
2026-08-30,78229.0,79389.0,76971.0,77659.0,22234.5881,236140
2026-08-31,77660.0,79250.0,77353.0,78574.0,32467.98349,315458
2026-09-01,78575.0,79233.0,76397.0,77419.0,37144.36658,360097
2026-09-02,77420.0,77777.0,76470.0,76700.0,13192.16296,135826
