symbol,timeframe,vol_mult,entry_ratio,atr_sl_mult,retest_max,use_absorption_filter,n_long,n_short,n_signals,return_pct,win_rate,profit_factor,total_trades
BTC,1h,1.3,0.0,0.5,24,True,15,18,33,-65.30739461900576,32.78688524590164,0.48112662265605705,61
BTC,2h,1.3,0.0,0.5,24,True,18,20,38,5.362306544919097,44.44444444444444,0.9490621447317191,72
BTC,4h,1.3,0.0,0.5,24,True,10,9,19,-67.88002797878808,44.11764705882353,0.5054199384419121,34
ETH,1h,1.3,0.0,0.5,24,True,23,32,55,-5.42236235115989,37.38317757009346,0.6076640729529613,107
ETH,2h,1.3,0.0,0.5,24,True,20,18,38,0.8628767487601267,43.24324324324324,1.0346960989417573,74
ETH,4h,1.3,0.0,0.5,24,True,13,17,30,-12.316644877974934,33.37931034482759,0.4233095707966749,56
BTC,1h,1.3,0.0,0.5,24,False,78,88,166,-203.53296188239665,36.24981797000146,0.5438982417922869,231
BTC,2h,1.3,0.0,0.5,24,False,81,85,166,-206.3142718734748,28.885829180872456,0.4413009345233561,82
BTC,4h,1.3,0.0,0.5,24,False,43,45,88,-204.40222674736418,36.814536340852136,0.46431932459914094,70
ETH,1h,1.3,0.0,0.5,24,False,87,83,170,-10.945573971109745,37.785016286644954,0.647476362905271,307
ETH,2h,1.3,0.0,0.5,24,False,71,85,156,-6.802484533759641,40.625,0.8466292500930019,288
ETH,4h,1.3,0.0,0.5,24,False,43,48,91,-13.862449429484785,37.284533648170004,0.7608228299669284,165
BTC,1h,1.3,0.0,0.5,48,True,19,22,41,-35.4987213283941,37.67123287671233,0.7366728095421311,73
BTC,2h,1.3,0.0,0.5,48,True,24,27,51,20.12682707470549,40.21739130434783,0.9571357687563785,92
BTC,4h,1.3,0.0,0.5,48,True,12,10,22,-50.284346146177086,47.5,0.637322684328165,40
ETH,1h,1.3,0.0,0.5,48,True,31,37,68,-4.243613426899899,40.625,0.7032196781101364,128
ETH,2h,1.3,0.0,0.5,48,True,26,28,54,-1.6505205525448021,40.77669902912621,0.9066158505002003,103
ETH,4h,1.3,0.0,0.5,48,True,16,19,35,-17.282487331854938,30.67855276907001,0.3551739215027987,64
BTC,1h,1.3,0.0,0.5,48,False,82,93,175,-207.21187659738706,35.92144010100667,0.5442506666629442,247
BTC,2h,1.3,0.0,0.5,48,False,85,89,174,-176.36922573658836,41.83121354788842,0.8041073551273433,266
BTC,4h,1.3,0.0,0.5,48,False,44,49,93,-207.78842315734488,37.90187042558959,0.4692931150053961,68
ETH,1h,1.3,0.0,0.5,48,False,95,92,187,-9.662255088769752,39.701492537313435,0.6906233681223031,335
ETH,2h,1.3,0.0,0.5,48,False,75,91,166,-9.203907240284604,40.59405940594059,0.8289317201172595,303
ETH,4h,1.3,0.0,0.5,48,False,44,48,92,-17.04073386119976,38.41169379144063,0.7232621884449577,168
BTC,1h,1.3,0.0,0.5,96,True,23,29,52,-53.258650769302676,37.487922705314006,0.7020751471003556,92
BTC,2h,1.3,0.0,0.5,96,True,27,30,57,74.08073243786711,44.11764705882353,1.1067404291743375,102
BTC,4h,1.3,0.0,0.5,96,True,14,11,25,-62.64649512263687,47.82608695652174,0.5868713058102258,46
ETH,1h,1.3,0.0,0.5,96,True,36,45,81,-6.848318383519897,39.333333333333336,0.6284783193026552,150
ETH,2h,1.3,0.0,0.5,96,True,28,33,61,-2.769780091879767,40.869565217391305,0.884615133036849,115
ETH,4h,1.3,0.0,0.5,96,True,16,19,35,-17.282487331854938,30.67855276907001,0.3551739215027987,64
BTC,1h,1.3,0.0,0.5,96,False,88,96,184,-207.73643750045056,36.23852270347335,0.5882082001346225,289
BTC,2h,1.3,0.0,0.5,96,False,86,94,180,-138.93102294680327,42.598522167487694,0.8400519255440588,280
BTC,4h,1.3,0.0,0.5,96,False,46,49,95,-211.98339140200454,36.9835186999366,0.4374802720165471,67
ETH,1h,1.3,0.0,0.5,96,False,98,100,198,-9.135651326004712,40.112994350282484,0.7161929706181813,354
ETH,2h,1.3,0.0,0.5,96,False,79,93,172,-10.464505963494588,40.95238095238095,0.8240077438748562,315
ETH,4h,1.3,0.0,0.5,96,False,45,49,94,-22.271768157969756,37.14181286549707,0.6795575354619172,171
BTC,1h,1.3,0.0,0.8,24,True,15,18,33,-40.72716351781947,40.0,0.6324415653405463,60
BTC,2h,1.3,0.0,0.8,24,True,18,20,38,-14.567986472439319,45.833333333333336,0.88749889789905,72
BTC,4h,1.3,0.0,0.8,24,True,10,9,19,-105.9316670874885,44.11764705882353,0.41648426393664584,34
ETH,1h,1.3,0.0,0.8,24,True,23,32,55,-4.667540346499889,40.18691588785047,0.6836264979906024,107
ETH,2h,1.3,0.0,0.8,24,True,20,18,38,3.9605473033001237,47.2972972972973,1.2623954220952969,74
ETH,4h,1.3,0.0,0.8,24,True,13,17,30,-1.5367228217199358,40.80788177339902,0.8364210201205066,56
BTC,1h,1.3,0.0,0.8,24,False,78,88,166,-206.82766794894047,39.67465929290934,0.5732685229272741,249
BTC,2h,1.3,0.0,0.8,24,False,81,85,166,-220.706236006965,29.979702790866256,0.4816931947224749,89
BTC,4h,1.3,0.0,0.8,24,False,43,45,88,-215.0027511731733,36.814536340852136,0.4530283625185386,70
ETH,1h,1.3,0.0,0.8,24,False,87,83,170,-10.290643171944755,38.81578947368421,0.6879587601684294,304
ETH,2h,1.3,0.0,0.8,24,False,71,85,156,-9.099904023864621,40.90909090909091,0.8148011382785798,286
ETH,4h,1.3,0.0,0.8,24,False,43,48,91,-14.139890267309783,38.27618164967563,0.7630247820495059,166
BTC,1h,1.3,0.0,0.8,48,True,19,22,41,-10.841149598357156,43.123446561723284,0.885770264614363,71
BTC,2h,1.3,0.0,0.8,48,True,24,27,51,0.8759472447020826,41.30434782608695,0.8881605609407658,92
BTC,4h,1.3,0.0,0.8,48,True,12,10,22,-88.49323644770412,47.5,0.5352706729095404,40
ETH,1h,1.3,0.0,0.8,48,True,31,37,68,-4.677966936139891,42.18750000000001,0.7220867710525511,128
ETH,2h,1.3,0.0,0.8,48,True,26,28,54,1.7292769019952006,43.689320388349515,1.0698981973598891,103
ETH,4h,1.3,0.0,0.8,48,True,16,19,35,-11.901206232689937,36.124853981996836,0.46653974422658834,63
BTC,1h,1.3,0.0,0.8,48,False,82,93,175,-203.9969937350533,39.31297709923664,0.5782532390625663,264
BTC,2h,1.3,0.0,0.8,48,False,85,89,174,-186.80766348057602,43.2844803171906,0.7943357582167914,264
BTC,4h,1.3,0.0,0.8,48,False,44,49,93,-218.38894758315402,37.90187042558959,0.4577034492141838,68
ETH,1h,1.3,0.0,0.8,48,False,95,92,187,-9.452980773974748,40.483383685800604,0.7138670312354303,331
ETH,2h,1.3,0.0,0.8,48,False,75,91,166,-11.191913928834607,40.863787375415285,0.8029145388878026,301
ETH,4h,1.3,0.0,0.8,48,False,44,48,92,-17.318174699024755,39.37869822485207,0.7268870835843135,169
BTC,1h,1.3,0.0,0.8,96,True,23,29,52,-21.712314774266364,42.894056847545215,0.8471179957573851,90
BTC,2h,1.3,0.0,0.8,96,True,27,30,57,53.930139593670795,45.19230769230769,1.0220699885024764,104
BTC,4h,1.3,0.0,0.8,96,True,14,11,25,-104.45495666858743,47.82608695652174,0.48606149956935274,46
ETH,1h,1.3,0.0,0.8,96,True,36,45,81,-7.868425830114877,40.26845637583892,0.6402282492114869,149
ETH,2h,1.3,0.0,0.8,96,True,28,33,61,-0.2553718873397626,43.47826086956522,1.0131571162605761,115
ETH,4h,1.3,0.0,0.8,96,True,16,19,35,-11.901206232689937,36.124853981996836,0.46653974422658834,63
BTC,1h,1.3,0.0,0.8,96,False,88,96,184,-203.8160569053286,38.89033777535312,0.600733384882585,290
BTC,2h,1.3,0.0,0.8,96,False,86,94,180,-151.11012498085637,44.261600625651724,0.8311231395094145,274
BTC,4h,1.3,0.0,0.8,96,False,46,49,95,-208.02286547084276,36.79910325071616,0.46368326301440055,70
ETH,1h,1.3,0.0,0.8,96,False,98,100,198,-8.620843878034709,41.142857142857146,0.7447657032522135,350
ETH,2h,1.3,0.0,0.8,96,False,79,93,172,-12.452512652044591,41.21405750798722,0.7989724872704314,313
ETH,4h,1.3,0.0,0.8,96,False,45,49,94,-23.275361584454753,38.460453968701536,0.6806194480706654,173
BTC,1h,1.3,0.0,1.2,24,True,15,18,33,-46.35693773035719,42.3728813559322,0.6160479679332193,59
BTC,2h,1.3,0.0,1.2,24,True,18,20,38,-127.1874713427263,27.651515151515152,0.6248461306236828,44
BTC,4h,1.3,0.0,1.2,24,True,10,9,19,-134.36983268507106,39.18269230769231,0.3761085520712794,32
ETH,1h,1.3,0.0,1.2,24,True,23,32,55,-3.902826379034875,42.45283018867924,0.7152654744748759,106
ETH,2h,1.3,0.0,1.2,24,True,20,18,38,1.413221953300138,47.2972972972973,1.157929265978499,74
ETH,4h,1.3,0.0,1.2,24,True,13,17,30,-1.90354377651994,40.80788177339902,0.7815580859457,56
BTC,1h,1.3,0.0,1.2,24,False,78,88,166,-201.79413492368772,39.248225122425545,0.5543659798241357,234
BTC,2h,1.3,0.0,1.2,24,False,81,85,166,-204.70844948287643,31.524926686217007,0.5138043014900979,88
BTC,4h,1.3,0.0,1.2,24,False,43,45,88,-205.76657444167068,37.95333923042901,0.4566861303439398,68
ETH,1h,1.3,0.0,1.2,24,False,87,83,170,-11.866043041889746,38.741721854304636,0.6696008895549899,302
ETH,2h,1.3,0.0,1.2,24,False,71,85,156,-11.566837574524627,41.754385964912274,0.7900505834954322,285
ETH,4h,1.3,0.0,1.2,24,False,43,48,91,-19.03901375316478,38.27618164967563,0.7137120763808902,166
BTC,1h,1.3,0.0,1.2,48,True,19,22,41,-15.103030595918066,44.92753623188405,0.8521438024345518,69
BTC,2h,1.3,0.0,1.2,48,True,24,27,51,-20.08430319255178,41.75824175824176,0.8266305499873652,91
BTC,4h,1.3,0.0,1.2,48,True,12,10,22,-116.16907173355322,47.5,0.48906799859251465,40
ETH,1h,1.3,0.0,1.2,48,True,31,37,68,-4.618003775064878,43.75,0.7297654143971707,128
ETH,2h,1.3,0.0,1.2,48,True,26,28,54,2.074645371825196,45.09803921568628,1.0766103854135103,102
ETH,4h,1.3,0.0,1.2,48,True,16,19,35,-12.640858569164932,36.54079254079254,0.465725983506237,65
BTC,1h,1.3,0.0,1.2,48,False,82,93,175,-209.69793143044024,37.242040256394326,0.5106907602691602,209
BTC,2h,1.3,0.0,1.2,48,False,85,89,174,-117.70338338964766,45.904972533352364,0.8556693793251278,262
BTC,4h,1.3,0.0,1.2,48,False,44,49,93,-209.19914287101784,39.10434393193014,0.46195519785212436,66
ETH,1h,1.3,0.0,1.2,48,False,95,92,187,-10.901323493919737,40.42553191489361,0.6950613707917792,329
ETH,2h,1.3,0.0,1.2,48,False,75,91,166,-13.076875349929612,41.80602006688963,0.7861040758817128,299
ETH,4h,1.3,0.0,1.2,48,False,44,48,92,-17.935372184879746,39.97781065088758,0.7239103762036206,169
BTC,1h,1.3,0.0,1.2,96,True,23,29,52,-28.76400632264759,44.827586206896555,0.8174113988894185,87
BTC,2h,1.3,0.0,1.2,96,True,27,30,57,31.72077685889696,45.63106796116505,0.9480211476647583,103
BTC,4h,1.3,0.0,1.2,96,True,14,11,25,-122.48468293282414,48.88888888888888,0.45714467386305935,45
ETH,1h,1.3,0.0,1.2,96,True,36,45,81,-7.999507219039884,41.61073825503356,0.6454171797476584,149
ETH,2h,1.3,0.0,1.2,96,True,28,33,61,0.458685175925237,45.21739130434783,1.0314860201508502,115
ETH,4h,1.3,0.0,1.2,96,True,16,19,35,-12.640858569164932,36.54079254079254,0.465725983506237,65
BTC,1h,1.3,0.0,1.2,96,False,88,96,184,-207.35646469996652,37.9521470011625,0.5480720401057199,242
BTC,2h,1.3,0.0,1.2,96,False,86,94,180,-78.95489811668477,46.79293592436975,0.892461816912355,272
BTC,4h,1.3,0.0,1.2,96,False,46,49,95,-210.29122759801118,37.357357357357365,0.4588386339624929,69
ETH,1h,1.3,0.0,1.2,96,False,98,100,198,-11.696655346714719,40.22988505747127,0.6859344927673975,348
ETH,2h,1.3,0.0,1.2,96,False,79,93,172,-14.527388573139593,42.12218649517685,0.7823022548127152,311
ETH,4h,1.3,0.0,1.2,96,False,45,49,94,-23.892559070309755,39.045537854222474,0.6788450787461143,173
BTC,1h,1.3,0.5,0.5,24,True,15,18,33,-65.30739461900576,32.78688524590164,0.48112662265605705,61
BTC,2h,1.3,0.5,0.5,24,True,18,20,38,5.362306544919097,44.44444444444444,0.9490621447317191,72
BTC,4h,1.3,0.5,0.5,24,True,10,9,19,-67.88002797878808,44.11764705882353,0.5054199384419121,34
ETH,1h,1.3,0.5,0.5,24,True,23,32,55,-5.42236235115989,37.38317757009346,0.6076640729529613,107
ETH,2h,1.3,0.5,0.5,24,True,20,18,38,0.8628767487601267,43.24324324324324,1.0346960989417573,74
ETH,4h,1.3,0.5,0.5,24,True,13,17,30,-12.316644877974934,33.37931034482759,0.4233095707966749,56
BTC,1h,1.3,0.5,0.5,24,False,78,88,166,-203.53296188239665,36.24981797000146,0.5438982417922869,231
BTC,2h,1.3,0.5,0.5,24,False,81,85,166,-206.3142718734748,28.885829180872456,0.4413009345233561,82
BTC,4h,1.3,0.5,0.5,24,False,43,45,88,-204.329539388616,34.37132784958872,0.4637626575430813,69
ETH,1h,1.3,0.5,0.5,24,False,87,83,170,-10.945573971109745,37.785016286644954,0.647476362905271,307
ETH,2h,1.3,0.5,0.5,24,False,71,85,156,-6.802484533759641,40.625,0.8466292500930019,288
ETH,4h,1.3,0.5,0.5,24,False,43,48,91,-13.862449429484785,37.284533648170004,0.7608228299669284,165
BTC,1h,1.3,0.5,0.5,48,True,19,22,41,-35.4987213283941,37.67123287671233,0.7366728095421311,73
BTC,2h,1.3,0.5,0.5,48,True,24,27,51,20.12682707470549,40.21739130434783,0.9571357687563785,92
BTC,4h,1.3,0.5,0.5,48,True,12,10,22,-50.284346146177086,47.5,0.637322684328165,40
ETH,1h,1.3,0.5,0.5,48,True,31,37,68,-4.243613426899899,40.625,0.7032196781101364,128
ETH,2h,1.3,0.5,0.5,48,True,26,28,54,-1.6505205525448021,40.77669902912621,0.9066158505002003,103
ETH,4h,1.3,0.5,0.5,48,True,16,19,35,-17.282487331854938,30.67855276907001,0.3551739215027987,64
BTC,1h,1.3,0.5,0.5,48,False,82,93,175,-207.21187659738706,35.92144010100667,0.5442506666629442,247
BTC,2h,1.3,0.5,0.5,48,False,85,89,174,-176.36922573658836,41.83121354788842,0.8041073551273433,266
BTC,4h,1.3,0.5,0.5,48,False,44,49,93,-211.77628543858071,34.871238818107884,0.4617325502630014,68
ETH,1h,1.3,0.5,0.5,48,False,95,92,187,-9.662255088769752,39.701492537313435,0.6906233681223031,335
ETH,2h,1.3,0.5,0.5,48,False,75,91,166,-9.203907240284604,40.59405940594059,0.8289317201172595,303
ETH,4h,1.3,0.5,0.5,48,False,44,48,92,-17.04073386119976,38.41169379144063,0.7232621884449577,168
BTC,1h,1.3,0.5,0.5,96,True,23,29,52,-54.2800349672476,38.57487922705314,0.7009492609121544,92
BTC,2h,1.3,0.5,0.5,96,True,27,30,57,74.08073243786711,44.11764705882353,1.1067404291743375,102
BTC,4h,1.3,0.5,0.5,96,True,14,11,25,-62.64649512263687,47.82608695652174,0.5868713058102258,46
ETH,1h,1.3,0.5,0.5,96,True,36,45,81,-6.848318383519897,39.333333333333336,0.6284783193026552,150
ETH,2h,1.3,0.5,0.5,96,True,28,33,61,-2.769780091879767,40.869565217391305,0.884615133036849,115
ETH,4h,1.3,0.5,0.5,96,True,16,19,35,-17.282487331854938,30.67855276907001,0.3551739215027987,64
BTC,1h,1.3,0.5,0.5,96,False,88,96,184,-207.73643750045056,36.23852270347335,0.5882082001346225,289
BTC,2h,1.3,0.5,0.5,96,False,86,94,180,-138.93102294680327,42.598522167487694,0.8400519255440588,280
BTC,4h,1.3,0.5,0.5,96,False,46,49,95,-215.9819070180889,33.90480032271077,0.4299910310454316,67
ETH,1h,1.3,0.5,0.5,96,False,98,100,198,-9.135651326004712,40.112994350282484,0.7161929706181813,354
ETH,2h,1.3,0.5,0.5,96,False,79,93,172,-10.464505963494588,40.95238095238095,0.8240077438748562,315
ETH,4h,1.3,0.5,0.5,96,False,45,49,94,-22.271768157969756,37.14181286549707,0.6795575354619172,171
BTC,1h,1.3,0.5,0.8,24,True,15,18,33,-40.72716351781947,40.0,0.6324415653405463,60
BTC,2h,1.3,0.5,0.8,24,True,18,20,38,-14.567986472439319,45.833333333333336,0.88749889789905,72
BTC,4h,1.3,0.5,0.8,24,True,10,9,19,-105.9316670874885,44.11764705882353,0.41648426393664584,34
ETH,1h,1.3,0.5,0.8,24,True,23,32,55,-4.667540346499889,40.18691588785047,0.6836264979906024,107
ETH,2h,1.3,0.5,0.8,24,True,20,18,38,3.9605473033001237,47.2972972972973,1.2623954220952969,74
ETH,4h,1.3,0.5,0.8,24,True,13,17,30,-1.5367228217199358,40.80788177339902,0.8364210201205066,56
BTC,1h,1.3,0.5,0.8,24,False,78,88,166,-206.82766794894047,39.67465929290934,0.5732685229272741,249
BTC,2h,1.3,0.5,0.8,24,False,81,85,166,-220.706236006965,29.979702790866256,0.4816931947224749,89
BTC,4h,1.3,0.5,0.8,24,False,43,45,88,-215.1215518722695,34.37132784958872,0.4522826713339239,69
ETH,1h,1.3,0.5,0.8,24,False,87,83,170,-10.290643171944755,38.81578947368421,0.6879587601684294,304
ETH,2h,1.3,0.5,0.8,24,False,71,85,156,-9.099904023864621,40.90909090909091,0.8148011382785798,286
ETH,4h,1.3,0.5,0.8,24,False,43,48,91,-14.139890267309783,38.27618164967563,0.7630247820495059,166
BTC,1h,1.3,0.5,0.8,48,True,19,22,41,-10.841149598357156,43.123446561723284,0.885770264614363,71
BTC,2h,1.3,0.5,0.8,48,True,24,27,51,0.8759472447020826,41.30434782608695,0.8881605609407658,92
BTC,4h,1.3,0.5,0.8,48,True,12,10,22,-88.49323644770412,47.5,0.5352706729095404,40
ETH,1h,1.3,0.5,0.8,48,True,31,37,68,-4.677966936139891,42.18750000000001,0.7220867710525511,128
ETH,2h,1.3,0.5,0.8,48,True,26,28,54,1.7292769019952006,43.689320388349515,1.0698981973598891,103
ETH,4h,1.3,0.5,0.8,48,True,16,19,35,-11.901206232689937,36.124853981996836,0.46653974422658834,63
BTC,1h,1.3,0.5,0.8,48,False,82,93,175,-203.9969937350533,39.31297709923664,0.5782532390625663,264
BTC,2h,1.3,0.5,0.8,48,False,85,89,174,-186.80766348057602,43.2844803171906,0.7943357582167914,264
BTC,4h,1.3,0.5,0.8,48,False,44,49,93,-222.55741963557486,34.871238818107884,0.45011686754592867,68
ETH,1h,1.3,0.5,0.8,48,False,95,92,187,-9.452980773974748,40.483383685800604,0.7138670312354303,331
ETH,2h,1.3,0.5,0.8,48,False,75,91,166,-11.191913928834607,40.863787375415285,0.8029145388878026,301
ETH,4h,1.3,0.5,0.8,48,False,44,48,92,-17.318174699024755,39.37869822485207,0.7268870835843135,169
BTC,1h,1.3,0.5,0.8,96,True,23,29,52,-22.73369897221137,44.00516795865633,0.8462555274014587,90
BTC,2h,1.3,0.5,0.8,96,True,27,30,57,53.930139593670795,45.19230769230769,1.0220699885024764,104
BTC,4h,1.3,0.5,0.8,96,True,14,11,25,-104.45495666858743,47.82608695652174,0.48606149956935274,46
ETH,1h,1.3,0.5,0.8,96,True,36,45,81,-7.868425830114877,40.26845637583892,0.6402282492114869,149
ETH,2h,1.3,0.5,0.8,96,True,28,33,61,-0.2553718873397626,43.47826086956522,1.0131571162605761,115
ETH,4h,1.3,0.5,0.8,96,True,16,19,35,-11.901206232689937,36.124853981996836,0.46653974422658834,63
BTC,1h,1.3,0.5,0.8,96,False,88,96,184,-203.8160569053286,38.89033777535312,0.600733384882585,290
BTC,2h,1.3,0.5,0.8,96,False,86,94,180,-151.11012498085637,44.261600625651724,0.8311231395094145,274
BTC,4h,1.3,0.5,0.8,96,False,46,49,95,-212.21174671938593,33.857267405654504,0.4560187157274083,70
ETH,1h,1.3,0.5,0.8,96,False,98,100,198,-8.620843878034709,41.142857142857146,0.7447657032522135,350
ETH,2h,1.3,0.5,0.8,96,False,79,93,172,-12.452512652044591,41.21405750798722,0.7989724872704314,313
ETH,4h,1.3,0.5,0.8,96,False,45,49,94,-23.275361584454753,38.460453968701536,0.6806194480706654,173
BTC,1h,1.3,0.5,1.2,24,True,15,18,33,-46.35693773035719,42.3728813559322,0.6160479679332193,59
BTC,2h,1.3,0.5,1.2,24,True,18,20,38,-127.1874713427263,27.651515151515152,0.6248461306236828,44
BTC,4h,1.3,0.5,1.2,24,True,10,9,19,-134.36983268507106,39.18269230769231,0.3761085520712794,32
ETH,1h,1.3,0.5,1.2,24,True,23,32,55,-3.902826379034875,42.45283018867924,0.7152654744748759,106
ETH,2h,1.3,0.5,1.2,24,True,20,18,38,1.413221953300138,47.2972972972973,1.157929265978499,74
ETH,4h,1.3,0.5,1.2,24,True,13,17,30,-1.90354377651994,40.80788177339902,0.7815580859457,56
BTC,1h,1.3,0.5,1.2,24,False,78,88,166,-201.79413492368772,39.248225122425545,0.5543659798241357,234
BTC,2h,1.3,0.5,1.2,24,False,81,85,166,-204.70844948287643,31.524926686217007,0.5138043014900979,88
BTC,4h,1.3,0.5,1.2,24,False,43,45,88,-205.9054191029452,35.45064254019478,0.45603865948872807,67
ETH,1h,1.3,0.5,1.2,24,False,87,83,170,-11.866043041889746,38.741721854304636,0.6696008895549899,302
ETH,2h,1.3,0.5,1.2,24,False,71,85,156,-11.566837574524627,41.754385964912274,0.7900505834954322,285
ETH,4h,1.3,0.5,1.2,24,False,43,48,91,-19.03901375316478,38.27618164967563,0.7137120763808902,166
BTC,1h,1.3,0.5,1.2,48,True,19,22,41,-15.103030595918066,44.92753623188405,0.8521438024345518,69
BTC,2h,1.3,0.5,1.2,48,True,24,27,51,-20.08430319255178,41.75824175824176,0.8266305499873652,91
BTC,4h,1.3,0.5,1.2,48,True,12,10,22,-116.16907173355322,47.5,0.48906799859251465,40
ETH,1h,1.3,0.5,1.2,48,True,31,37,68,-4.618003775064878,43.75,0.7297654143971707,128
ETH,2h,1.3,0.5,1.2,48,True,26,28,54,2.074645371825196,45.09803921568628,1.0766103854135103,102
ETH,4h,1.3,0.5,1.2,48,True,16,19,35,-12.640858569164932,36.54079254079254,0.465725983506237,65
BTC,1h,1.3,0.5,1.2,48,False,82,93,175,-209.69793143044024,37.242040256394326,0.5106907602691602,209
BTC,2h,1.3,0.5,1.2,48,False,85,89,174,-117.70338338964766,45.904972533352364,0.8556693793251278,262
BTC,4h,1.3,0.5,1.2,48,False,44,49,93,-213.38575929938912,35.97850425436633,0.4541995000383773,66
ETH,1h,1.3,0.5,1.2,48,False,95,92,187,-10.901323493919737,40.42553191489361,0.6950613707917792,329
ETH,2h,1.3,0.5,1.2,48,False,75,91,166,-13.076875349929612,41.80602006688963,0.7861040758817128,299
ETH,4h,1.3,0.5,1.2,48,False,44,48,92,-17.935372184879746,39.97781065088758,0.7239103762036206,169
BTC,1h,1.3,0.5,1.2,96,True,23,29,52,-29.785390520592504,45.97701149425287,0.8191141053822358,87
BTC,2h,1.3,0.5,1.2,96,True,27,30,57,31.72077685889696,45.63106796116505,0.9480211476647583,103
BTC,4h,1.3,0.5,1.2,96,True,14,11,25,-122.48468293282414,48.88888888888888,0.45714467386305935,45
ETH,1h,1.3,0.5,1.2,96,True,36,45,81,-7.999507219039884,41.61073825503356,0.6454171797476584,149
ETH,2h,1.3,0.5,1.2,96,True,28,33,61,0.458685175925237,45.21739130434783,1.0314860201508502,115
ETH,4h,1.3,0.5,1.2,96,True,16,19,35,-12.640858569164932,36.54079254079254,0.465725983506237,65
BTC,1h,1.3,0.5,1.2,96,False,88,96,184,-207.35646469996652,37.9521470011625,0.5480720401057199,242
BTC,2h,1.3,0.5,1.2,96,False,86,94,180,-78.95489811668477,46.79293592436975,0.892461816912355,272
BTC,4h,1.3,0.5,1.2,96,False,46,49,95,-214.44168799906961,34.37132784958872,0.45114579844706393,69
ETH,1h,1.3,0.5,1.2,96,False,98,100,198,-11.696655346714719,40.22988505747127,0.6859344927673975,348
ETH,2h,1.3,0.5,1.2,96,False,79,93,172,-14.527388573139593,42.12218649517685,0.7823022548127152,311
ETH,4h,1.3,0.5,1.2,96,False,45,49,94,-23.892559070309755,39.045537854222474,0.6788450787461143,173
BTC,1h,1.5,0.0,0.5,24,True,14,13,27,-53.20297512066155,37.254901960784316,0.3896001634872947,51
BTC,2h,1.5,0.0,0.5,24,True,18,19,37,43.827916191947125,45.714285714285715,1.115714164031553,70
BTC,4h,1.5,0.0,0.5,24,True,7,8,15,114.59566865474741,48.275862068965516,1.4736064227714285,29
ETH,1h,1.5,0.0,0.5,24,True,22,29,51,-4.069779459044892,39.39393939393939,0.6727559144124549,99
ETH,2h,1.5,0.0,0.5,24,True,18,14,32,-0.37779580394989115,40.625,1.010614764169586,64
ETH,4h,1.5,0.0,0.5,24,True,9,13,22,-14.571414939239991,22.532521780642078,0.32972593407655787,42
BTC,1h,1.5,0.0,0.5,24,False,70,73,143,-206.63870695172147,31.978122887213793,0.35876251886927174,143
BTC,2h,1.5,0.0,0.5,24,False,75,77,152,-211.2240369008542,29.289215686274506,0.5617867960310832,115
BTC,4h,1.5,0.0,0.5,24,False,34,39,73,-216.45077523128106,38.101553618794995,0.36779354620250626,52
ETH,1h,1.5,0.0,0.5,24,False,78,70,148,-7.212168731284812,39.11439114391144,0.7303560908758447,271
ETH,2h,1.5,0.0,0.5,24,False,62,75,137,-7.3877234864896355,40.55118110236221,0.8282371136572558,254
ETH,4h,1.5,0.0,0.5,24,False,31,40,71,1.0130515000752012,39.05180840664712,0.9894602488322547,132
BTC,1h,1.5,0.0,0.5,48,True,17,16,33,-21.51224774241,42.622950819672134,0.7666685790525282,61
BTC,2h,1.5,0.0,0.5,48,True,24,26,50,56.87124649368795,41.11111111111111,1.0977982596794686,90
BTC,4h,1.5,0.0,0.5,48,True,8,8,16,118.77399592671989,51.61290322580645,1.5032800773734536,31
ETH,1h,1.5,0.0,0.5,48,True,29,34,63,-2.463528299709899,43.90243902439025,0.803516676816441,123
ETH,2h,1.5,0.0,0.5,48,True,23,22,45,-2.7085509196248383,37.93103448275862,0.891851193263879,87
ETH,4h,1.5,0.0,0.5,48,True,12,14,26,-18.96836623022999,21.764520202020204,0.2810902759588135,48
BTC,1h,1.5,0.0,0.5,48,False,73,76,149,-207.9837739847612,33.168171114599694,0.34790650789894784,156
BTC,2h,1.5,0.0,0.5,48,False,78,81,159,-207.74425065435008,29.335595217730138,0.6548096100271301,142
BTC,4h,1.5,0.0,0.5,48,False,34,42,76,-216.29893314475657,37.33364878452712,0.37003227669876415,53
ETH,1h,1.5,0.0,0.5,48,False,84,79,163,-5.651472085974801,40.4040404040404,0.785580276679014,297
ETH,2h,1.5,0.0,0.5,48,False,65,80,145,-9.510080830354617,40.6015037593985,0.8127667663165263,266
ETH,4h,1.5,0.0,0.5,48,False,32,40,72,-2.1652329316397783,40.416666666666664,0.9359590684764783,135
BTC,1h,1.5,0.0,0.5,96,True,21,23,44,-39.470205756580526,41.25,0.715528560254082,80
BTC,2h,1.5,0.0,0.5,96,True,27,28,55,100.76698800705051,43.87755102040816,1.23152451875148,98
BTC,4h,1.5,0.0,0.5,96,True,10,8,18,118.6518685487932,54.285714285714285,1.509724214432056,35
ETH,1h,1.5,0.0,0.5,96,True,33,42,75,-4.333303664899882,43.05555555555556,0.7352648804227646,144
ETH,2h,1.5,0.0,0.5,96,True,24,26,50,-2.877492965059818,38.94736842105263,0.8923777242008248,95
ETH,4h,1.5,0.0,0.5,96,True,12,14,26,-18.96836623022999,21.764520202020204,0.2810902759588135,48
BTC,1h,1.5,0.0,0.5,96,False,79,79,158,-203.5983736443831,37.133249403657565,0.4425371816021248,196
BTC,2h,1.5,0.0,0.5,96,False,79,85,164,-201.58050611614954,30.33726963678654,0.66502702943823,144
BTC,4h,1.5,0.0,0.5,96,False,36,42,78,-245.7581041826202,36.05769230769231,0.329585163491491,52
ETH,1h,1.5,0.0,0.5,96,False,86,85,171,-5.706542925419768,40.32258064516129,0.788381557526529,310
ETH,2h,1.5,0.0,0.5,96,False,69,82,151,-10.77067955356462,41.007194244604314,0.8088345412427197,278
ETH,4h,1.5,0.0,0.5,96,False,33,41,74,-7.044405597739782,39.24133420536298,0.8636417731367091,139
BTC,1h,1.5,0.0,0.8,24,True,14,13,27,-37.26177190600711,42.0,0.5336289921333833,50
BTC,2h,1.5,0.0,0.8,24,True,18,19,37,23.697772587878983,47.142857142857146,1.0265901493431617,70
BTC,4h,1.5,0.0,0.8,24,True,7,8,15,76.80602655113643,48.275862068965516,1.1038055127882525,29
ETH,1h,1.5,0.0,0.8,24,True,22,29,51,-4.682252859044891,40.4040404040404,0.6517328058989827,99
ETH,2h,1.5,0.0,0.8,24,True,18,14,32,-0.43644162766990735,42.1875,1.0020909381033662,64
ETH,4h,1.5,0.0,0.8,24,True,9,13,22,-3.8994794345049866,30.855594270228423,0.6945282612574736,41
BTC,1h,1.5,0.0,0.8,24,False,70,73,143,-206.4495780967004,39.470943736582335,0.45225926120861765,187
BTC,2h,1.5,0.0,0.8,24,False,75,77,152,-225.5978434126776,30.07172131147541,0.5825309262306894,122
BTC,4h,1.5,0.0,0.8,24,False,34,39,73,-242.6190475019808,36.845841784989865,0.3278115374134009,51
ETH,1h,1.5,0.0,0.8,24,False,78,70,148,-7.912056850599797,39.55223880597015,0.7307153845425091,268
ETH,2h,1.5,0.0,0.8,24,False,62,75,137,-10.837039270284642,40.476190476190474,0.7817303611477081,252
ETH,4h,1.5,0.0,0.8,24,False,31,40,71,1.8272274607302164,40.13264923038418,1.0008406869691782,131
BTC,1h,1.5,0.0,0.8,48,True,17,16,33,-5.511868086105643,45.76271186440678,0.8953648077510208,59
BTC,2h,1.5,0.0,0.8,48,True,24,26,50,37.216057543932486,42.22222222222222,1.002009921135822,90
BTC,4h,1.5,0.0,0.8,48,True,8,8,16,80.82519469400322,51.61290322580645,1.1270283881974215,31
ETH,1h,1.5,0.0,0.8,48,True,29,34,63,-3.334197447319895,44.71544715447155,0.7695997548361443,123
ETH,2h,1.5,0.0,0.8,48,True,23,22,45,-2.4850698433448457,39.08045977011494,0.8939098734589411,87
ETH,4h,1.5,0.0,0.8,48,True,12,14,26,-13.605031182584995,27.355072463768114,0.3787828400856475,46
BTC,1h,1.5,0.0,0.8,48,False,73,76,149,-208.00945434204922,37.52168110113535,0.41049079570989855,178
BTC,2h,1.5,0.0,0.8,48,False,78,81,159,-145.6595365555542,43.07898259705488,0.8236476413641046,249
BTC,4h,1.5,0.0,0.8,48,False,34,42,76,-242.4556312389832,36.08690160414299,0.3301819773677424,52
ETH,1h,1.5,0.0,0.8,48,False,84,79,163,-6.5852006006998,40.61433447098976,0.7725696781511134,293
ETH,2h,1.5,0.0,0.8,48,False,65,80,145,-12.649983812594613,40.53030303030303,0.7729961935146935,264
ETH,4h,1.5,0.0,0.8,48,False,32,40,72,-1.351056970984766,41.48306088604596,0.9490396459181337,134
BTC,1h,1.5,0.0,0.8,96,True,21,23,44,-16.397120932681176,44.87179487179487,0.8506803580757741,78
BTC,2h,1.5,0.0,0.8,96,True,27,28,55,80.27643376674197,45.0,1.1160906862761533,100
BTC,4h,1.5,0.0,0.8,96,True,10,8,18,80.67597324288054,54.285714285714285,1.1296671182286038,35
ETH,1h,1.5,0.0,0.8,96,True,33,42,75,-5.789726749864888,43.35664335664335,0.6925178167819775,143
ETH,2h,1.5,0.0,0.8,96,True,24,26,50,-3.265286838779824,40.0,0.8798868800913145,95
ETH,4h,1.5,0.0,0.8,96,True,12,14,26,-13.605031182584995,27.355072463768114,0.3787828400856475,46
BTC,1h,1.5,0.0,0.8,96,False,79,79,158,-205.58748779469,39.44132679242184,0.49430173036965636,215
BTC,2h,1.5,0.0,0.8,96,False,79,85,164,-128.3352703636167,43.513974823981236,0.8426484673759612,258
BTC,4h,1.5,0.0,0.8,96,False,36,42,78,-242.44668226380736,36.05769230769231,0.3370339710379673,52
ETH,1h,1.5,0.0,0.8,96,False,86,85,171,-6.640271440144767,40.52287581699346,0.7754654477029754,306
ETH,2h,1.5,0.0,0.8,96,False,69,82,151,-13.910582535804611,40.94202898550725,0.7707520076286414,276
ETH,4h,1.5,0.0,0.8,96,False,33,41,74,-7.700933087084772,40.26755852842809,0.8604291735417425,138
BTC,1h,1.5,0.0,1.2,24,True,14,13,27,-39.34323159388596,44.89795918367347,0.5357113792196027,49
BTC,2h,1.5,0.0,1.2,24,True,18,19,37,-118.04823483761223,28.294573643410853,0.6962214785865879,43
BTC,4h,1.5,0.0,1.2,24,True,7,8,15,49.92028433974018,48.275862068965516,0.9462550897483617,29
ETH,1h,1.5,0.0,1.2,24,True,22,29,51,-3.813975041579883,41.83673469387755,0.6850078688682097,98
ETH,2h,1.5,0.0,1.2,24,True,18,14,32,-3.319615777669896,42.1875,0.9155722545358951,64
ETH,4h,1.5,0.0,1.2,24,True,9,13,22,-4.5684362893049935,30.855594270228423,0.6323554138858757,41
BTC,1h,1.5,0.0,1.2,24,False,70,73,143,-208.20533556739673,39.514457394480026,0.4651166942733276,197
BTC,2h,1.5,0.0,1.2,24,False,75,77,152,-209.60184017900383,31.19759851479219,0.6058426642701273,121
BTC,4h,1.5,0.0,1.2,24,False,34,39,73,-230.71256794339013,38.904665314401626,0.34984983496183897,51
ETH,1h,1.5,0.0,1.2,24,False,78,70,148,-9.536568811654792,39.473684210526315,0.7069314621728064,266
ETH,2h,1.5,0.0,1.2,24,False,62,75,137,-13.967751705069642,41.43426294820717,0.7519788102236924,251
ETH,4h,1.5,0.0,1.2,24,False,31,40,71,-4.2958783691897935,39.82160312805475,0.911064082806137,132
BTC,1h,1.5,0.0,1.2,48,True,17,16,33,-6.980933307053057,48.275862068965516,0.8788769445240641,58
BTC,2h,1.5,0.0,1.2,48,True,24,26,50,15.955608239707253,42.69662921348315,0.9223196968036267,89
BTC,4h,1.5,0.0,1.2,48,True,8,8,16,53.69755340597985,51.61290322580645,0.9663126317192036,31
ETH,1h,1.5,0.0,1.2,48,True,29,34,63,-3.1706704362448876,45.52845528455285,0.7774831588997101,123
ETH,2h,1.5,0.0,1.2,48,True,23,22,45,-2.475550173514847,40.69767441860465,0.8984662620495815,86
ETH,4h,1.5,0.0,1.2,48,True,12,14,26,-14.143593069059996,28.29861111111111,0.38495506446393146,48
BTC,1h,1.5,0.0,1.2,48,False,73,76,149,-213.6601389558091,36.7424501155054,0.40845421639255464,171
BTC,2h,1.5,0.0,1.2,48,False,78,81,159,-152.5102448905913,45.0472334682861,0.8181564606207751,247
BTC,4h,1.5,0.0,1.2,48,False,34,42,76,-230.5477510445212,38.101553618794995,0.3525505310209841,52
ETH,1h,1.5,0.0,1.2,48,False,84,79,163,-8.12467431175479,40.549828178694156,0.747191652728174,291
ETH,2h,1.5,0.0,1.2,48,False,65,80,145,-15.198724117814614,41.603053435114504,0.751391104846532,262
ETH,4h,1.5,0.0,1.2,48,False,32,40,72,-3.1922368009047632,41.9212962962963,0.9232343045508058,135
BTC,1h,1.5,0.0,1.2,96,True,21,23,44,-21.178425998153674,47.368421052631575,0.8310696252171962,76
BTC,2h,1.5,0.0,1.2,96,True,27,28,55,57.87160877471677,45.45454545454545,1.0217749220086318,99
BTC,4h,1.5,0.0,1.2,96,True,10,8,18,53.488905826252804,54.285714285714285,0.9671983458961126,35
ETH,1h,1.5,0.0,1.2,96,True,33,42,75,-5.81724428878988,44.05594405594405,0.6947377625796982,143
ETH,2h,1.5,0.0,1.2,96,True,24,26,50,-2.887078575514824,42.10526315789474,0.8943502695028642,95
ETH,4h,1.5,0.0,1.2,96,True,12,14,26,-14.143593069059996,28.29861111111111,0.38495506446393146,48
BTC,1h,1.5,0.0,1.2,96,False,79,79,158,-201.5719243245046,38.02567848587749,0.4694467970778782,189
BTC,2h,1.5,0.0,1.2,96,False,79,85,164,-133.8881959966752,45.41642775229358,0.8374528561163435,256
BTC,4h,1.5,0.0,1.2,96,False,36,42,78,-231.50676690605673,36.627384960718295,0.3527478331667647,54
ETH,1h,1.5,0.0,1.2,96,False,86,85,171,-8.179745151199766,40.46052631578947,0.7503507339629703,304
ETH,2h,1.5,0.0,1.2,96,False,69,82,151,-16.649237341024612,41.97080291970803,0.7497712545963513,274
ETH,4h,1.5,0.0,1.2,96,False,33,41,74,-9.542112917004758,40.701983867451496,0.8426510953431007,139
BTC,1h,1.5,0.5,0.5,24,True,14,13,27,-53.20297512066155,37.254901960784316,0.3896001634872947,51
BTC,2h,1.5,0.5,0.5,24,True,18,19,37,43.827916191947125,45.714285714285715,1.115714164031553,70
BTC,4h,1.5,0.5,0.5,24,True,7,8,15,114.59566865474741,48.275862068965516,1.4736064227714285,29
ETH,1h,1.5,0.5,0.5,24,True,22,29,51,-4.069779459044892,39.39393939393939,0.6727559144124549,99
ETH,2h,1.5,0.5,0.5,24,True,18,14,32,-0.37779580394989115,40.625,1.010614764169586,64
ETH,4h,1.5,0.5,0.5,24,True,9,13,22,-14.571414939239991,22.532521780642078,0.32972593407655787,42
BTC,1h,1.5,0.5,0.5,24,False,70,73,143,-206.63870695172147,31.978122887213793,0.35876251886927174,143
BTC,2h,1.5,0.5,0.5,24,False,75,77,152,-211.2240369008542,29.289215686274506,0.5617867960310832,115
BTC,4h,1.5,0.5,0.5,24,False,34,39,73,-220.65747511869716,34.09751168371858,0.35963761918891013,52
ETH,1h,1.5,0.5,0.5,24,False,78,70,148,-7.212168731284812,39.11439114391144,0.7303560908758447,271
ETH,2h,1.5,0.5,0.5,24,False,62,75,137,-7.3877234864896355,40.55118110236221,0.8282371136572558,254
ETH,4h,1.5,0.5,0.5,24,False,31,40,71,1.0130515000752012,39.05180840664712,0.9894602488322547,132
BTC,1h,1.5,0.5,0.5,48,True,17,16,33,-21.51224774241,42.622950819672134,0.7666685790525282,61
BTC,2h,1.5,0.5,0.5,48,True,24,26,50,56.87124649368795,41.11111111111111,1.0977982596794686,90
BTC,4h,1.5,0.5,0.5,48,True,8,8,16,118.77399592671989,51.61290322580645,1.5032800773734536,31
ETH,1h,1.5,0.5,0.5,48,True,29,34,63,-2.463528299709899,43.90243902439025,0.803516676816441,123
ETH,2h,1.5,0.5,0.5,48,True,23,22,45,-2.7085509196248383,37.93103448275862,0.891851193263879,87
ETH,4h,1.5,0.5,0.5,48,True,12,14,26,-18.96836623022999,21.764520202020204,0.2810902759588135,48
BTC,1h,1.5,0.5,0.5,48,False,73,76,149,-207.9837739847612,33.168171114599694,0.34790650789894784,156
BTC,2h,1.5,0.5,0.5,48,False,78,81,159,-207.74425065435008,29.335595217730138,0.6548096100271301,142
BTC,4h,1.5,0.5,0.5,48,False,34,42,76,-220.1179188568014,33.409238776838,0.3624133255473946,53
ETH,1h,1.5,0.5,0.5,48,False,84,79,163,-5.651472085974801,40.4040404040404,0.785580276679014,297
ETH,2h,1.5,0.5,0.5,48,False,65,80,145,-9.510080830354617,40.6015037593985,0.8127667663165263,266
ETH,4h,1.5,0.5,0.5,48,False,32,40,72,-2.1652329316397783,40.416666666666664,0.9359590684764783,135
BTC,1h,1.5,0.5,0.5,96,True,21,23,44,-40.49158995452544,42.5,0.7163173725895087,80
BTC,2h,1.5,0.5,0.5,96,True,27,28,55,100.76698800705051,43.87755102040816,1.23152451875148,98
BTC,4h,1.5,0.5,0.5,96,True,10,8,18,118.6518685487932,54.285714285714285,1.509724214432056,35
ETH,1h,1.5,0.5,0.5,96,True,33,42,75,-4.333303664899882,43.05555555555556,0.7352648804227646,144
ETH,2h,1.5,0.5,0.5,96,True,24,26,50,-2.877492965059818,38.94736842105263,0.8923777242008248,95
ETH,4h,1.5,0.5,0.5,96,True,12,14,26,-18.96836623022999,21.764520202020204,0.2810902759588135,48
BTC,1h,1.5,0.5,0.5,96,False,79,79,158,-203.5983736443831,37.133249403657565,0.4425371816021248,196
BTC,2h,1.5,0.5,0.5,96,False,79,85,164,-201.58050611614954,30.33726963678654,0.66502702943823,144
BTC,4h,1.5,0.5,0.5,96,False,36,42,78,-249.5455493251568,32.05544455544455,0.32207518223833576,52
ETH,1h,1.5,0.5,0.5,96,False,86,85,171,-5.706542925419768,40.32258064516129,0.788381557526529,310
ETH,2h,1.5,0.5,0.5,96,False,69,82,151,-10.77067955356462,41.007194244604314,0.8088345412427197,278
ETH,4h,1.5,0.5,0.5,96,False,33,41,74,-7.044405597739782,39.24133420536298,0.8636417731367091,139
BTC,1h,1.5,0.5,0.8,24,True,14,13,27,-37.26177190600711,42.0,0.5336289921333833,50
BTC,2h,1.5,0.5,0.8,24,True,18,19,37,23.697772587878983,47.142857142857146,1.0265901493431617,70
BTC,4h,1.5,0.5,0.8,24,True,7,8,15,76.80602655113643,48.275862068965516,1.1038055127882525,29
ETH,1h,1.5,0.5,0.8,24,True,22,29,51,-4.682252859044891,40.4040404040404,0.6517328058989827,99
ETH,2h,1.5,0.5,0.8,24,True,18,14,32,-0.43644162766990735,42.1875,1.0020909381033662,64
ETH,4h,1.5,0.5,0.8,24,True,9,13,22,-3.8994794345049866,30.855594270228423,0.6945282612574736,41
BTC,1h,1.5,0.5,0.8,24,False,70,73,143,-206.4495780967004,39.470943736582335,0.45225926120861765,187
BTC,2h,1.5,0.5,0.8,24,False,75,77,152,-225.5978434126776,30.07172131147541,0.5825309262306894,122
BTC,4h,1.5,0.5,0.8,24,False,34,39,73,-247.00160024747382,32.758620689655174,0.3197317589288462,51
ETH,1h,1.5,0.5,0.8,24,False,78,70,148,-7.912056850599797,39.55223880597015,0.7307153845425091,268
ETH,2h,1.5,0.5,0.8,24,False,62,75,137,-10.837039270284642,40.476190476190474,0.7817303611477081,252
ETH,4h,1.5,0.5,0.8,24,False,31,40,71,1.8272274607302164,40.13264923038418,1.0008406869691782,131
BTC,1h,1.5,0.5,0.8,48,True,17,16,33,-5.511868086105643,45.76271186440678,0.8953648077510208,59
BTC,2h,1.5,0.5,0.8,48,True,24,26,50,37.216057543932486,42.22222222222222,1.002009921135822,90
BTC,4h,1.5,0.5,0.8,48,True,8,8,16,80.82519469400322,51.61290322580645,1.1270283881974215,31
ETH,1h,1.5,0.5,0.8,48,True,29,34,63,-3.334197447319895,44.71544715447155,0.7695997548361443,123
ETH,2h,1.5,0.5,0.8,48,True,23,22,45,-2.4850698433448457,39.08045977011494,0.8939098734589411,87
ETH,4h,1.5,0.5,0.8,48,True,12,14,26,-13.605031182584995,27.355072463768114,0.3787828400856475,46
BTC,1h,1.5,0.5,0.8,48,False,73,76,149,-208.00945434204922,37.52168110113535,0.41049079570989855,178
BTC,2h,1.5,0.5,0.8,48,False,78,81,159,-145.6595365555542,43.07898259705488,0.8236476413641046,249
BTC,4h,1.5,0.5,0.8,48,False,34,42,76,-246.44048330577792,32.082859669066565,0.32263204394457906,52
ETH,1h,1.5,0.5,0.8,48,False,84,79,163,-6.5852006006998,40.61433447098976,0.7725696781511134,293
ETH,2h,1.5,0.5,0.8,48,False,65,80,145,-12.649983812594613,40.53030303030303,0.7729961935146935,264
ETH,4h,1.5,0.5,0.8,48,False,32,40,72,-1.351056970984766,41.48306088604596,0.9490396459181337,134
BTC,1h,1.5,0.5,0.8,96,True,21,23,44,-17.418505130626002,46.15384615384615,0.8528090213946459,78
BTC,2h,1.5,0.5,0.8,96,True,27,28,55,80.27643376674197,45.0,1.1160906862761533,100
BTC,4h,1.5,0.5,0.8,96,True,10,8,18,80.67597324288054,54.285714285714285,1.1296671182286038,35
ETH,1h,1.5,0.5,0.8,96,True,33,42,75,-5.789726749864888,43.35664335664335,0.6925178167819775,143
ETH,2h,1.5,0.5,0.8,96,True,24,26,50,-3.265286838779824,40.0,0.8798868800913145,95
ETH,4h,1.5,0.5,0.8,96,True,12,14,26,-13.605031182584995,27.355072463768114,0.3787828400856475,46
BTC,1h,1.5,0.5,0.8,96,False,79,79,158,-205.58748779469,39.44132679242184,0.49430173036965636,215
BTC,2h,1.5,0.5,0.8,96,False,79,85,164,-128.3352703636167,43.513974823981236,0.8426484673759612,258
BTC,4h,1.5,0.5,0.8,96,False,36,42,78,-246.3999937610942,32.05544455544455,0.32938659273475407,52
ETH,1h,1.5,0.5,0.8,96,False,86,85,171,-6.640271440144767,40.52287581699346,0.7754654477029754,306
ETH,2h,1.5,0.5,0.8,96,False,69,82,151,-13.910582535804611,40.94202898550725,0.7707520076286414,276
ETH,4h,1.5,0.5,0.8,96,False,33,41,74,-7.700933087084772,40.26755852842809,0.8604291735417425,138
BTC,1h,1.5,0.5,1.2,24,True,14,13,27,-39.34323159388596,44.89795918367347,0.5357113792196027,49
BTC,2h,1.5,0.5,1.2,24,True,18,19,37,-118.04823483761223,28.294573643410853,0.6962214785865879,43
BTC,4h,1.5,0.5,1.2,24,True,7,8,15,49.92028433974018,48.275862068965516,0.9462550897483617,29
ETH,1h,1.5,0.5,1.2,24,True,22,29,51,-3.813975041579883,41.83673469387755,0.6850078688682097,98
ETH,2h,1.5,0.5,1.2,24,True,18,14,32,-3.319615777669896,42.1875,0.9155722545358951,64
ETH,4h,1.5,0.5,1.2,24,True,9,13,22,-4.5684362893049935,30.855594270228423,0.6323554138858757,41
BTC,1h,1.5,0.5,1.2,24,False,70,73,143,-208.20533556739673,39.514457394480026,0.4651166942733276,197
BTC,2h,1.5,0.5,1.2,24,False,75,77,152,-209.60184017900383,31.19759851479219,0.6058426642701273,121
BTC,4h,1.5,0.5,1.2,24,False,34,39,73,-235.09065046457818,34.81744421906694,0.34173021491845784,51
ETH,1h,1.5,0.5,1.2,24,False,78,70,148,-9.536568811654792,39.473684210526315,0.7069314621728064,266
ETH,2h,1.5,0.5,1.2,24,False,62,75,137,-13.967751705069642,41.43426294820717,0.7519788102236924,251
ETH,4h,1.5,0.5,1.2,24,False,31,40,71,-4.2958783691897935,39.82160312805475,0.911064082806137,132
BTC,1h,1.5,0.5,1.2,48,True,17,16,33,-6.980933307053057,48.275862068965516,0.8788769445240641,58
BTC,2h,1.5,0.5,1.2,48,True,24,26,50,15.955608239707253,42.69662921348315,0.9223196968036267,89
BTC,4h,1.5,0.5,1.2,48,True,8,8,16,53.69755340597985,51.61290322580645,0.9663126317192036,31
ETH,1h,1.5,0.5,1.2,48,True,29,34,63,-3.1706704362448876,45.52845528455285,0.7774831588997101,123
ETH,2h,1.5,0.5,1.2,48,True,23,22,45,-2.475550173514847,40.69767441860465,0.8984662620495815,86
ETH,4h,1.5,0.5,1.2,48,True,12,14,26,-14.143593069059996,28.29861111111111,0.38495506446393146,48
BTC,1h,1.5,0.5,1.2,48,False,73,76,149,-213.6601389558091,36.7424501155054,0.40845421639255464,171
BTC,2h,1.5,0.5,1.2,48,False,78,81,159,-152.5102448905913,45.0472334682861,0.8181564606207751,247
BTC,4h,1.5,0.5,1.2,48,False,34,42,76,-234.52767310496094,34.09751168371858,0.34496340222687066,52
ETH,1h,1.5,0.5,1.2,48,False,84,79,163,-8.12467431175479,40.549828178694156,0.747191652728174,291
ETH,2h,1.5,0.5,1.2,48,False,65,80,145,-15.198724117814614,41.603053435114504,0.751391104846532,262
ETH,4h,1.5,0.5,1.2,48,False,32,40,72,-3.1922368009047632,41.9212962962963,0.9232343045508058,135
BTC,1h,1.5,0.5,1.2,96,True,21,23,44,-22.19981019609868,48.68421052631578,0.8359654060918726,76
BTC,2h,1.5,0.5,1.2,96,True,27,28,55,57.87160877471677,45.45454545454545,1.0217749220086318,99
BTC,4h,1.5,0.5,1.2,96,True,10,8,18,53.488905826252804,54.285714285714285,0.9671983458961126,35
ETH,1h,1.5,0.5,1.2,96,True,33,42,75,-5.81724428878988,44.05594405594405,0.6947377625796982,143
ETH,2h,1.5,0.5,1.2,96,True,24,26,50,-2.887078575514824,42.10526315789474,0.8943502695028642,95
ETH,4h,1.5,0.5,1.2,96,True,12,14,26,-14.143593069059996,28.29861111111111,0.38495506446393146,48
BTC,1h,1.5,0.5,1.2,96,False,79,79,158,-201.5719243245046,38.02567848587749,0.4694467970778782,189
BTC,2h,1.5,0.5,1.2,96,False,79,85,164,-133.8881959966752,45.41642775229358,0.8374528561163435,256
BTC,4h,1.5,0.5,1.2,96,False,36,42,78,-235.46541775852637,32.77777777777778,0.34521128813522006,54
ETH,1h,1.5,0.5,1.2,96,False,86,85,171,-8.179745151199766,40.46052631578947,0.7503507339629703,304
ETH,2h,1.5,0.5,1.2,96,False,69,82,151,-16.649237341024612,41.97080291970803,0.7497712545963513,274
ETH,4h,1.5,0.5,1.2,96,False,33,41,74,-9.542112917004758,40.701983867451496,0.8426510953431007,139
BTC,1h,1.8,0.0,0.5,24,True,14,12,26,-46.26125950983561,38.775510204081634,0.42435520840350477,49
BTC,2h,1.8,0.0,0.5,24,True,12,17,29,14.699069785254231,47.27272727272727,1.0256060279212662,55
BTC,4h,1.8,0.0,0.5,24,True,6,6,12,176.16820652149124,56.52173913043478,3.0076813953630728,23
ETH,1h,1.8,0.0,0.5,24,True,20,22,42,-2.6879717759548925,41.46341463414634,0.7286759588634681,82
ETH,2h,1.8,0.0,0.5,24,True,14,13,27,0.47575920981010156,44.44444444444444,1.0986241272281234,54
ETH,4h,1.8,0.0,0.5,24,True,7,11,18,-8.639979881400006,28.189158016147633,0.43793183782607975,34
BTC,1h,1.8,0.0,0.5,24,False,57,65,122,-201.45347472946227,23.50277777777778,0.2247273438065798,100
BTC,2h,1.8,0.0,0.5,24,False,61,68,129,-216.50239810576448,27.880430319454707,0.517473894298851,99
BTC,4h,1.8,0.0,0.5,24,False,26,27,53,50.998337739740556,39.583333333333336,1.065356807079443,96
ETH,1h,1.8,0.0,0.5,24,False,64,56,120,-5.249443688559811,41.409691629955944,0.7600039921146797,227
ETH,2h,1.8,0.0,0.5,24,False,45,65,110,-5.408333649074626,40.57971014492754,0.8331986155907072,207
ETH,4h,1.8,0.0,0.5,24,False,22,28,50,-3.999291921384877,39.50877192982456,1.0051467472706164,95
BTC,1h,1.8,0.0,0.5,48,True,17,14,31,-24.103597700508544,42.10526315789474,0.7099182721889167,57
BTC,2h,1.8,0.0,0.5,48,True,18,23,41,30.5430877590561,41.0958904109589,1.020861574906913,73
BTC,4h,1.8,0.0,0.5,48,True,7,6,13,180.78390264620603,60.00000000000001,3.0740193323810256,25
ETH,1h,1.8,0.0,0.5,48,True,27,26,53,-1.1676588935199024,46.15384615384615,0.8747011045620477,104
ETH,2h,1.8,0.0,0.5,48,True,17,19,36,2.1602398330701362,42.857142857142854,1.1000134992719381,70
ETH,4h,1.8,0.0,0.5,48,True,9,11,20,-8.680703585149988,29.475308641975307,0.4380193480357867,36
BTC,1h,1.8,0.0,0.5,48,False,59,67,126,-206.60090372766297,22.588522588522586,0.21602329221603586,104
BTC,2h,1.8,0.0,0.5,48,False,64,72,136,-211.36224799770753,28.214977851605756,0.6057063455843638,112
BTC,4h,1.8,0.0,0.5,48,False,26,29,55,42.125920786866246,39.0,1.033558903724467,100
ETH,1h,1.8,0.0,0.5,48,False,70,62,132,-3.499542432354807,42.4,0.8276850351933904,250
ETH,2h,1.8,0.0,0.5,48,False,48,68,116,-4.632574708274627,40.93023255813954,0.85023345881978,215
ETH,4h,1.8,0.0,0.5,48,False,22,28,50,-3.999291921384877,39.50877192982456,1.0051467472706164,95
BTC,1h,1.8,0.0,0.5,96,True,21,19,40,-42.45221938233881,41.333333333333336,0.6846175959394325,75
BTC,2h,1.8,0.0,0.5,96,True,20,25,45,74.77514852238737,44.30379746835444,1.1722924114351907,79
BTC,4h,1.8,0.0,0.5,96,True,8,6,14,179.9199412393085,59.25925925925926,3.076856197339185,27
ETH,1h,1.8,0.0,0.5,96,True,31,33,64,-2.9681539382748925,45.16129032258065,0.7921525149852794,124
ETH,2h,1.8,0.0,0.5,96,True,18,21,39,2.4613266903001603,44.0,1.095216058141032,75
ETH,4h,1.8,0.0,0.5,96,True,9,11,20,-8.680703585149988,29.475308641975307,0.4380193480357867,36
BTC,1h,1.8,0.0,0.5,96,False,64,70,134,-202.86965292486855,32.92511855177513,0.34661549979210915,139
BTC,2h,1.8,0.0,0.5,96,False,64,74,138,-206.8512831499641,29.245849802371538,0.6171109413165922,115
BTC,4h,1.8,0.0,0.5,96,False,27,29,56,-123.40807089122775,34.54846727423364,0.7991455698754697,71
ETH,1h,1.8,0.0,0.5,96,False,71,66,137,-3.891047206689789,41.63424124513619,0.8175577889699269,257
ETH,2h,1.8,0.0,0.5,96,False,51,69,120,-6.329866854164606,41.25560538116592,0.8323664483129781,223
ETH,4h,1.8,0.0,0.5,96,False,23,29,52,-9.829114576274884,38.28748890860692,0.905332468474524,98
BTC,1h,1.8,0.0,0.8,24,True,14,12,26,-27.791736341738126,43.75,0.5973917459687739,48
BTC,2h,1.8,0.0,0.8,24,True,12,17,29,-6.144559368927549,47.27272727272727,0.9473395495498927,55
BTC,4h,1.8,0.0,0.8,24,True,6,6,12,153.10562723770124,56.52173913043478,2.0658189036356567,23
ETH,1h,1.8,0.0,0.8,24,True,20,22,42,-2.629294939824891,42.68292682926829,0.7330952372928932,82
ETH,2h,1.8,0.0,0.8,24,True,14,13,27,0.4171133860900855,46.29629629629629,1.0871194151806618,54
ETH,4h,1.8,0.0,0.8,24,True,7,11,18,0.5061517150100041,34.463667820069205,0.9739529090042183,34
BTC,1h,1.8,0.0,0.8,24,False,57,65,122,-208.25648138219822,31.122881355932204,0.29248629499626716,118
BTC,2h,1.8,0.0,0.8,24,False,61,68,129,-207.298780920205,29.795480887869687,0.5597870789102514,103
BTC,4h,1.8,0.0,0.8,24,False,26,27,53,28.097548115944114,40.42553191489362,1.0342026707757004,94
ETH,1h,1.8,0.0,0.8,24,False,64,56,120,-5.458748622039815,42.22222222222222,0.7702544015333446,225
ETH,2h,1.8,0.0,0.8,24,False,45,65,110,-8.113164236749629,40.48780487804878,0.7893959102214958,205
ETH,4h,1.8,0.0,0.8,24,False,22,28,50,0.4266786892701251,41.02998065764023,1.0772530483250053,94
BTC,1h,1.8,0.0,0.8,48,True,17,14,31,-5.53673891087001,45.45454545454545,0.8706195516897337,55
BTC,2h,1.8,0.0,0.8,48,True,18,23,41,10.098845605425943,41.0958904109589,0.9353083392547562,73
BTC,4h,1.8,0.0,0.8,48,True,7,6,13,157.72132336241623,60.00000000000001,2.1144103082637558,25
ETH,1h,1.8,0.0,0.8,48,True,27,26,53,-1.367177804999898,47.11538461538461,0.8640543554791402,104
ETH,2h,1.8,0.0,0.8,48,True,17,19,36,2.383720909350129,44.285714285714285,1.1041719950975157,70
ETH,4h,1.8,0.0,0.8,48,True,9,11,20,0.46542801126001443,35.37808641975309,0.9775315173700962,36
BTC,1h,1.8,0.0,0.8,48,False,59,67,126,-205.99183935523138,34.68334257206209,0.31903210991038033,132
BTC,2h,1.8,0.0,0.8,48,False,64,72,136,-216.04337345661077,34.82015077945311,0.6681234244655823,140
BTC,4h,1.8,0.0,0.8,48,False,26,29,55,19.11351566977627,39.795918367346935,1.0019080136002105,98
ETH,1h,1.8,0.0,0.8,48,False,70,62,132,-3.942687761244796,42.914979757085014,0.8222528354173452,247
ETH,2h,1.8,0.0,0.8,48,False,48,68,116,-7.027992494394621,40.84507042253521,0.8107901777563598,213
ETH,4h,1.8,0.0,0.8,48,False,22,28,50,0.4266786892701251,41.02998065764023,1.0772530483250053,94
BTC,1h,1.8,0.0,0.8,96,True,21,19,40,-9.008833750054967,45.205479452054796,0.8786157285234444,73
BTC,2h,1.8,0.0,0.8,96,True,20,25,45,52.90673007764553,44.444444444444436,1.059697071033302,81
BTC,4h,1.8,0.0,0.8,96,True,8,6,14,156.8573619555185,59.25925925925926,2.1106523490141993,27
ETH,1h,1.8,0.0,0.8,96,True,31,33,64,-3.7534267871098907,45.52845528455285,0.7620952609237399,123
ETH,2h,1.8,0.0,0.8,96,True,18,21,39,2.6848077665801555,45.333333333333336,1.1003099671949124,75
ETH,4h,1.8,0.0,0.8,96,True,9,11,20,0.46542801126001443,35.37808641975309,0.9775315173700962,36
BTC,1h,1.8,0.0,0.8,96,False,64,70,134,-201.80405208942545,38.91260162601626,0.40458928921876686,164
BTC,2h,1.8,0.0,0.8,96,False,64,74,138,-210.62393031096218,35.44854118484255,0.6869661133443047,146
BTC,4h,1.8,0.0,0.8,96,False,27,29,56,8.044385550603476,39.0,0.9781592582515996,100
ETH,1h,1.8,0.0,0.8,96,False,71,66,137,-4.334192535579778,42.125984251968504,0.8128041138245949,254
ETH,2h,1.8,0.0,0.8,96,False,51,69,120,-8.725284640284592,41.1764705882353,0.794939612370074,221
ETH,4h,1.8,0.0,0.8,96,False,23,29,52,-6.467664715619884,39.74799541809851,0.9491156089533812,97
BTC,1h,1.8,0.0,1.2,24,True,14,12,26,-47.60424599285098,44.680851063829785,0.4775442928963668,47
BTC,2h,1.8,0.0,1.2,24,True,12,17,29,-113.57389350299269,27.272727272727277,0.7498219611045595,33
BTC,4h,1.8,0.0,1.2,24,True,6,6,12,150.45015199017706,56.52173913043478,1.9972491406550819,23
ETH,1h,1.8,0.0,1.2,24,True,20,22,42,-1.1640280464898867,44.99999999999999,0.8245037243999871,80
ETH,2h,1.8,0.0,1.2,24,True,14,13,27,-1.4253951139099055,46.29629629629629,1.0166676942560502,54
ETH,4h,1.8,0.0,1.2,24,True,7,11,18,-0.1628051397899961,34.463667820069205,0.8434603177063293,34
BTC,1h,1.8,0.0,1.2,24,False,57,65,122,-204.29255418748426,33.186479849776106,0.34747019073173824,129
BTC,2h,1.8,0.0,1.2,24,False,61,68,129,-215.05290405636583,30.18748962999834,0.5656688572299594,105
BTC,4h,1.8,0.0,1.2,24,False,26,27,53,9.310677598325286,40.137362637362635,1.0147402356500583,91
ETH,1h,1.8,0.0,1.2,24,False,64,56,120,-6.522995447234809,42.081447963800905,0.7454200736198077,221
ETH,2h,1.8,0.0,1.2,24,False,45,65,110,-11.957638559834631,41.46341463414634,0.746551062264241,205
ETH,4h,1.8,0.0,1.2,24,False,22,28,50,-5.774755640649891,40.58479532163743,0.971904782416897,95
BTC,1h,1.8,0.0,1.2,48,True,17,14,31,-25.058463698528435,46.2962962962963,0.7306393996993921,54
BTC,2h,1.8,0.0,1.2,48,True,18,23,41,-11.892891563720159,41.666666666666664,0.861584969741069,72
BTC,4h,1.8,0.0,1.2,48,True,7,6,13,155.0347135208981,60.00000000000001,2.044317949735716,25
ETH,1h,1.8,0.0,1.2,48,True,27,26,53,-0.6066617180548948,48.54368932038835,0.906544845745339,103
ETH,2h,1.8,0.0,1.2,48,True,17,19,36,3.91803582918013,46.3768115942029,1.1617072533796529,69
ETH,4h,1.8,0.0,1.2,48,True,9,11,20,-0.2035288435399858,35.37808641975309,0.8451958055398116,36
BTC,1h,1.8,0.0,1.2,48,False,59,67,126,-210.48751370911435,32.421468691491576,0.33208231773612285,132
BTC,2h,1.8,0.0,1.2,48,False,64,72,136,-221.61242646842732,35.810968188513485,0.6690847218438262,139
BTC,4h,1.8,0.0,1.2,48,False,26,29,55,0.31499840706531934,39.49874686716792,0.9815779710068219,95
ETH,1h,1.8,0.0,1.2,48,False,70,62,132,-5.006934586439797,42.79835390946502,0.7950860196833124,243
ETH,2h,1.8,0.0,1.2,48,False,48,68,116,-9.904320987914604,41.9811320754717,0.7767791238028762,212
ETH,4h,1.8,0.0,1.2,48,False,22,28,50,-5.774755640649891,40.58479532163743,0.971904782416897,95
BTC,1h,1.8,0.0,1.2,96,True,21,19,40,-32.13770042782808,46.478873239436616,0.7618170049361808,71
BTC,2h,1.8,0.0,1.2,96,True,20,25,45,32.12950188922013,45.0,0.9746531745059756,80
BTC,4h,1.8,0.0,1.2,96,True,8,6,14,154.15292134549128,59.25925925925926,2.0399466841464213,27
ETH,1h,1.8,0.0,1.2,96,True,31,33,64,-3.2083739986798894,46.34146341463415,0.7838615810567389,123
ETH,2h,1.8,0.0,1.2,96,True,18,21,39,4.219122686410157,47.29729729729729,1.1564676832869363,74
ETH,4h,1.8,0.0,1.2,96,True,9,11,20,-0.2035288435399858,35.37808641975309,0.8451958055398116,36
BTC,1h,1.8,0.0,1.2,96,False,64,70,134,-214.39143900752146,37.2626582278481,0.3990052214052124,158
BTC,2h,1.8,0.0,1.2,96,False,64,74,138,-216.4355474699508,36.47320988870285,0.678619527881558,142
BTC,4h,1.8,0.0,1.2,96,False,27,29,56,-0.8987058748321743,38.671781347398706,0.979302310182722,97
ETH,1h,1.8,0.0,1.2,96,False,71,66,137,-5.422858109289786,41.83266932270917,0.7865618888860586,251
ETH,2h,1.8,0.0,1.2,96,False,51,69,120,-11.60161313380458,42.27272727272727,0.7643639885398835,220
ETH,4h,1.8,0.0,1.2,96,False,23,29,52,-9.969777297119888,39.33007985803016,0.9052206151945004,98
BTC,1h,1.8,0.5,0.5,24,True,14,12,26,-46.26125950983561,38.775510204081634,0.42435520840350477,49
BTC,2h,1.8,0.5,0.5,24,True,12,17,29,14.699069785254231,47.27272727272727,1.0256060279212662,55
BTC,4h,1.8,0.5,0.5,24,True,6,6,12,176.16820652149124,56.52173913043478,3.0076813953630728,23
ETH,1h,1.8,0.5,0.5,24,True,20,22,42,-2.6879717759548925,41.46341463414634,0.7286759588634681,82
ETH,2h,1.8,0.5,0.5,24,True,14,13,27,0.47575920981010156,44.44444444444444,1.0986241272281234,54
ETH,4h,1.8,0.5,0.5,24,True,7,11,18,-8.639979881400006,28.189158016147633,0.43793183782607975,34
BTC,1h,1.8,0.5,0.5,24,False,57,65,122,-201.45347472946227,23.50277777777778,0.2247273438065798,100
BTC,2h,1.8,0.5,0.5,24,False,61,68,129,-216.50239810576448,27.880430319454707,0.517473894298851,99
BTC,4h,1.8,0.5,0.5,24,False,26,27,53,41.553193722981796,37.5,1.0481246940429816,96
ETH,1h,1.8,0.5,0.5,24,False,64,56,120,-5.249443688559811,41.409691629955944,0.7600039921146797,227
ETH,2h,1.8,0.5,0.5,24,False,45,65,110,-5.408333649074626,40.57971014492754,0.8331986155907072,207
ETH,4h,1.8,0.5,0.5,24,False,22,28,50,-3.999291921384877,39.50877192982456,1.0051467472706164,95
BTC,1h,1.8,0.5,0.5,48,True,17,14,31,-24.103597700508544,42.10526315789474,0.7099182721889167,57
BTC,2h,1.8,0.5,0.5,48,True,18,23,41,30.5430877590561,41.0958904109589,1.020861574906913,73
BTC,4h,1.8,0.5,0.5,48,True,7,6,13,180.78390264620603,60.00000000000001,3.0740193323810256,25
ETH,1h,1.8,0.5,0.5,48,True,27,26,53,-1.1676588935199024,46.15384615384615,0.8747011045620477,104
ETH,2h,1.8,0.5,0.5,48,True,17,19,36,2.1602398330701362,42.857142857142854,1.1000134992719381,70
ETH,4h,1.8,0.5,0.5,48,True,9,11,20,-8.680703585149988,29.475308641975307,0.4380193480357867,36
BTC,1h,1.8,0.5,0.5,48,False,59,67,126,-206.60090372766297,22.588522588522586,0.21602329221603586,104
BTC,2h,1.8,0.5,0.5,48,False,64,72,136,-211.36224799770753,28.214977851605756,0.6057063455843638,112
BTC,4h,1.8,0.5,0.5,48,False,26,29,55,33.05453046306095,37.0,1.0179652062723883,100
ETH,1h,1.8,0.5,0.5,48,False,70,62,132,-3.499542432354807,42.4,0.8276850351933904,250
ETH,2h,1.8,0.5,0.5,48,False,48,68,116,-4.632574708274627,40.93023255813954,0.85023345881978,215
ETH,4h,1.8,0.5,0.5,48,False,22,28,50,-3.999291921384877,39.50877192982456,1.0051467472706164,95
BTC,1h,1.8,0.5,0.5,96,True,21,19,40,-43.47360358028364,42.666666666666664,0.6864211972291889,75
BTC,2h,1.8,0.5,0.5,96,True,20,25,45,74.77514852238737,44.30379746835444,1.1722924114351907,79
BTC,4h,1.8,0.5,0.5,96,True,8,6,14,179.9199412393085,59.25925925925926,3.076856197339185,27
ETH,1h,1.8,0.5,0.5,96,True,31,33,64,-2.9681539382748925,45.16129032258065,0.7921525149852794,124
ETH,2h,1.8,0.5,0.5,96,True,18,21,39,2.4613266903001603,44.0,1.095216058141032,75
ETH,4h,1.8,0.5,0.5,96,True,9,11,20,-8.680703585149988,29.475308641975307,0.4380193480357867,36
BTC,1h,1.8,0.5,0.5,96,False,64,70,134,-202.86965292486855,32.92511855177513,0.34661549979210915,139
BTC,2h,1.8,0.5,0.5,96,False,64,74,138,-206.8512831499641,29.245849802371538,0.6171109413165922,115
BTC,4h,1.8,0.5,0.5,96,False,27,29,56,-127.89425369964857,31.64871582435791,0.7873973436754941,71
ETH,1h,1.8,0.5,0.5,96,False,71,66,137,-3.891047206689789,41.63424124513619,0.8175577889699269,257
ETH,2h,1.8,0.5,0.5,96,False,51,69,120,-6.329866854164606,41.25560538116592,0.8323664483129781,223
ETH,4h,1.8,0.5,0.5,96,False,23,29,52,-9.829114576274884,38.28748890860692,0.905332468474524,98
BTC,1h,1.8,0.5,0.8,24,True,14,12,26,-27.791736341738126,43.75,0.5973917459687739,48
BTC,2h,1.8,0.5,0.8,24,True,12,17,29,-6.144559368927549,47.27272727272727,0.9473395495498927,55
BTC,4h,1.8,0.5,0.8,24,True,6,6,12,153.10562723770124,56.52173913043478,2.0658189036356567,23
ETH,1h,1.8,0.5,0.8,24,True,20,22,42,-2.629294939824891,42.68292682926829,0.7330952372928932,82
ETH,2h,1.8,0.5,0.8,24,True,14,13,27,0.4171133860900855,46.29629629629629,1.0871194151806618,54
ETH,4h,1.8,0.5,0.8,24,True,7,11,18,0.5061517150100041,34.463667820069205,0.9739529090042183,34
BTC,1h,1.8,0.5,0.8,24,False,57,65,122,-208.25648138219822,31.122881355932204,0.29248629499626716,118
BTC,2h,1.8,0.5,0.8,24,False,61,68,129,-207.298780920205,29.795480887869687,0.5597870789102514,103
BTC,4h,1.8,0.5,0.8,24,False,26,27,53,18.28964673668539,38.297872340425535,1.0169703411584226,94
ETH,1h,1.8,0.5,0.8,24,False,64,56,120,-5.458748622039815,42.22222222222222,0.7702544015333446,225
ETH,2h,1.8,0.5,0.8,24,False,45,65,110,-8.113164236749629,40.48780487804878,0.7893959102214958,205
ETH,4h,1.8,0.5,0.8,24,False,22,28,50,0.4266786892701251,41.02998065764023,1.0772530483250053,94
BTC,1h,1.8,0.5,0.8,48,True,17,14,31,-5.53673891087001,45.45454545454545,0.8706195516897337,55
BTC,2h,1.8,0.5,0.8,48,True,18,23,41,10.098845605425943,41.0958904109589,0.9353083392547562,73
BTC,4h,1.8,0.5,0.8,48,True,7,6,13,157.72132336241623,60.00000000000001,2.1144103082637558,25
ETH,1h,1.8,0.5,0.8,48,True,27,26,53,-1.367177804999898,47.11538461538461,0.8640543554791402,104
ETH,2h,1.8,0.5,0.8,48,True,17,19,36,2.383720909350129,44.285714285714285,1.1041719950975157,70
ETH,4h,1.8,0.5,0.8,48,True,9,11,20,0.46542801126001443,35.37808641975309,0.9775315173700962,36
BTC,1h,1.8,0.5,0.8,48,False,59,67,126,-205.99183935523138,34.68334257206209,0.31903210991038033,132
BTC,2h,1.8,0.5,0.8,48,False,64,72,136,-216.04337345661077,34.82015077945311,0.6681234244655823,140
BTC,4h,1.8,0.5,0.8,48,False,26,29,55,9.69436546971451,37.755102040816325,0.9863355225195023,98
ETH,1h,1.8,0.5,0.8,48,False,70,62,132,-3.942687761244796,42.914979757085014,0.8222528354173452,247
ETH,2h,1.8,0.5,0.8,48,False,48,68,116,-7.027992494394621,40.84507042253521,0.8107901777563598,213
ETH,4h,1.8,0.5,0.8,48,False,22,28,50,0.4266786892701251,41.02998065764023,1.0772530483250053,94
BTC,1h,1.8,0.5,0.8,96,True,21,19,40,-10.030217947999702,46.57534246575342,0.8801126915770149,73
BTC,2h,1.8,0.5,0.8,96,True,20,25,45,52.90673007764553,44.444444444444436,1.059697071033302,81
BTC,4h,1.8,0.5,0.8,96,True,8,6,14,156.8573619555185,59.25925925925926,2.1106523490141993,27
ETH,1h,1.8,0.5,0.8,96,True,31,33,64,-3.7534267871098907,45.52845528455285,0.7620952609237399,123
ETH,2h,1.8,0.5,0.8,96,True,18,21,39,2.6848077665801555,45.333333333333336,1.1003099671949124,75
ETH,4h,1.8,0.5,0.8,96,True,9,11,20,0.46542801126001443,35.37808641975309,0.9775315173700962,36
BTC,1h,1.8,0.5,0.8,96,False,64,70,134,-201.80405208942545,38.91260162601626,0.40458928921876686,164
BTC,2h,1.8,0.5,0.8,96,False,64,74,138,-210.62393031096218,35.44854118484255,0.6869661133443047,146
BTC,4h,1.8,0.5,0.8,96,False,27,29,56,-1.3747646494583066,37.0,0.962993839575821,100
ETH,1h,1.8,0.5,0.8,96,False,71,66,137,-4.334192535579778,42.125984251968504,0.8128041138245949,254
ETH,2h,1.8,0.5,0.8,96,False,51,69,120,-8.725284640284592,41.1764705882353,0.794939612370074,221
ETH,4h,1.8,0.5,0.8,96,False,23,29,52,-6.467664715619884,39.74799541809851,0.9491156089533812,97
BTC,1h,1.8,0.5,1.2,24,True,14,12,26,-47.60424599285098,44.680851063829785,0.4775442928963668,47
BTC,2h,1.8,0.5,1.2,24,True,12,17,29,-113.57389350299269,27.272727272727277,0.7498219611045595,33
BTC,4h,1.8,0.5,1.2,24,True,6,6,12,150.45015199017706,56.52173913043478,1.9972491406550819,23
ETH,1h,1.8,0.5,1.2,24,True,20,22,42,-1.1640280464898867,44.99999999999999,0.8245037243999871,80
ETH,2h,1.8,0.5,1.2,24,True,14,13,27,-1.4253951139099055,46.29629629629629,1.0166676942560502,54
ETH,4h,1.8,0.5,1.2,24,True,7,11,18,-0.1628051397899961,34.463667820069205,0.8434603177063293,34
BTC,1h,1.8,0.5,1.2,24,False,57,65,122,-204.29255418748426,33.186479849776106,0.34747019073173824,129
BTC,2h,1.8,0.5,1.2,24,False,61,68,129,-215.05290405636583,30.18748962999834,0.5656688572299594,105
BTC,4h,1.8,0.5,1.2,24,False,26,27,53,-0.31268002347355894,37.91208791208791,0.9976283413802779,91
ETH,1h,1.8,0.5,1.2,24,False,64,56,120,-6.522995447234809,42.081447963800905,0.7454200736198077,221
ETH,2h,1.8,0.5,1.2,24,False,45,65,110,-11.957638559834631,41.46341463414634,0.746551062264241,205
ETH,4h,1.8,0.5,1.2,24,False,22,28,50,-5.774755640649891,40.58479532163743,0.971904782416897,95
BTC,1h,1.8,0.5,1.2,48,True,17,14,31,-25.058463698528435,46.2962962962963,0.7306393996993921,54
BTC,2h,1.8,0.5,1.2,48,True,18,23,41,-11.892891563720159,41.666666666666664,0.861584969741069,72
BTC,4h,1.8,0.5,1.2,48,True,7,6,13,155.0347135208981,60.00000000000001,2.044317949735716,25
ETH,1h,1.8,0.5,1.2,48,True,27,26,53,-0.6066617180548948,48.54368932038835,0.906544845745339,103
ETH,2h,1.8,0.5,1.2,48,True,17,19,36,3.91803582918013,46.3768115942029,1.1617072533796529,69
ETH,4h,1.8,0.5,1.2,48,True,9,11,20,-0.2035288435399858,35.37808641975309,0.8451958055398116,36
BTC,1h,1.8,0.5,1.2,48,False,59,67,126,-210.48751370911435,32.421468691491576,0.33208231773612285,132
BTC,2h,1.8,0.5,1.2,48,False,64,72,136,-221.61242646842732,35.810968188513485,0.6690847218438262,139
BTC,4h,1.8,0.5,1.2,48,False,26,29,55,-8.921095436470186,37.36842105263158,0.9661530374851502,95
ETH,1h,1.8,0.5,1.2,48,False,70,62,132,-5.006934586439797,42.79835390946502,0.7950860196833124,243
ETH,2h,1.8,0.5,1.2,48,False,48,68,116,-9.904320987914604,41.9811320754717,0.7767791238028762,212
ETH,4h,1.8,0.5,1.2,48,False,22,28,50,-5.774755640649891,40.58479532163743,0.971904782416897,95
BTC,1h,1.8,0.5,1.2,96,True,21,19,40,-33.159084625772905,47.88732394366197,0.7673952962605786,71
BTC,2h,1.8,0.5,1.2,96,True,20,25,45,32.12950188922013,45.0,0.9746531745059756,80
BTC,4h,1.8,0.5,1.2,96,True,8,6,14,154.15292134549128,59.25925925925926,2.0399466841464213,27
ETH,1h,1.8,0.5,1.2,96,True,31,33,64,-3.2083739986798894,46.34146341463415,0.7838615810567389,123
ETH,2h,1.8,0.5,1.2,96,True,18,21,39,4.219122686410157,47.29729729729729,1.1564676832869363,74
ETH,4h,1.8,0.5,1.2,96,True,9,11,20,-0.2035288435399858,35.37808641975309,0.8451958055398116,36
BTC,1h,1.8,0.5,1.2,96,False,64,70,134,-214.39143900752146,37.2626582278481,0.3990052214052124,158
BTC,2h,1.8,0.5,1.2,96,False,64,74,138,-216.4355474699508,36.47320988870285,0.678619527881558,142
BTC,4h,1.8,0.5,1.2,96,False,27,29,56,-10.107796771326278,36.58595061136418,0.9639684469716145,97
ETH,1h,1.8,0.5,1.2,96,False,71,66,137,-5.422858109289786,41.83266932270917,0.7865618888860586,251
ETH,2h,1.8,0.5,1.2,96,False,51,69,120,-11.60161313380458,42.27272727272727,0.7643639885398835,220
ETH,4h,1.8,0.5,1.2,96,False,23,29,52,-9.969777297119888,39.33007985803016,0.9052206151945004,98
