strategy,family,symbol,timeframe,n_signals,n_long,n_short,depth_min,depth_max,reclaim_bars,killzones,return_pct,win_rate,acc_range,judas_window,ms_lookback
sfp_institutional,ictsuite,BTC,1h,7,5,2,0.0005,0.005,1.0,True,-11.185580548298145,22.857142857142858,,,
sfp_institutional,ictsuite,BTC,4h,8,6,2,0.0005,0.005,1.0,True,3.45120075507592,20.0,,,
sfp_institutional,ictsuite,ETH,1h,10,5,5,0.0005,0.005,1.0,True,-2.268516852699997,8.0,,,
sfp_institutional,ictsuite,ETH,4h,5,1,4,0.0005,0.005,1.0,True,-3.1688816964679902,16.0,,,
sfp_institutional,ictsuite,BTC,1h,19,12,7,0.0005,0.005,1.0,False,-41.83366326077047,13.68421052631579,,,
sfp_institutional,ictsuite,BTC,4h,17,13,4,0.0005,0.005,1.0,False,-23.285743869038967,10.0,,,
sfp_institutional,ictsuite,ETH,1h,35,17,18,0.0005,0.005,1.0,False,-4.251579185427968,17.541125541125542,,,
sfp_institutional,ictsuite,ETH,4h,9,2,7,0.0005,0.005,1.0,False,-5.056795527607995,8.88888888888889,,,
sfp_institutional,ictsuite,BTC,1h,10,5,5,0.0005,0.005,2.0,True,-25.588577271778632,16.0,,,
sfp_institutional,ictsuite,BTC,4h,8,6,2,0.0005,0.005,2.0,True,3.45120075507592,20.0,,,
sfp_institutional,ictsuite,ETH,1h,11,5,6,0.0005,0.005,2.0,True,-2.3522729055199987,7.272727272727273,,,
sfp_institutional,ictsuite,ETH,4h,5,1,4,0.0005,0.005,2.0,True,-3.1688816964679902,16.0,,,
sfp_institutional,ictsuite,BTC,1h,29,15,14,0.0005,0.005,2.0,False,-73.19767183302578,9.261083743842365,,,
sfp_institutional,ictsuite,BTC,4h,17,13,4,0.0005,0.005,2.0,False,-23.285743869038967,10.0,,,
sfp_institutional,ictsuite,ETH,1h,41,18,23,0.0005,0.005,2.0,False,-4.358724371527968,19.94736842105263,,,
sfp_institutional,ictsuite,ETH,4h,9,2,7,0.0005,0.005,2.0,False,-5.056795527607995,8.88888888888889,,,
sfp_institutional,ictsuite,BTC,1h,11,5,6,0.0005,0.005,3.0,True,-28.350850202520622,14.545454545454547,,,
sfp_institutional,ictsuite,BTC,4h,8,6,2,0.0005,0.005,3.0,True,3.45120075507592,20.0,,,
sfp_institutional,ictsuite,ETH,1h,11,5,6,0.0005,0.005,3.0,True,-2.3522729055199987,7.272727272727273,,,
sfp_institutional,ictsuite,ETH,4h,5,1,4,0.0005,0.005,3.0,True,-3.1688816964679902,16.0,,,
sfp_institutional,ictsuite,BTC,1h,34,18,16,0.0005,0.005,3.0,False,-81.78017179281005,10.606060606060606,,,
sfp_institutional,ictsuite,BTC,4h,17,13,4,0.0005,0.005,3.0,False,-23.285743869038967,10.0,,,
sfp_institutional,ictsuite,ETH,1h,42,18,24,0.0005,0.005,3.0,False,-4.3759766864879595,19.94736842105263,,,
sfp_institutional,ictsuite,ETH,4h,9,2,7,0.0005,0.005,3.0,False,-5.056795527607995,8.88888888888889,,,
sfp_institutional,ictsuite,BTC,1h,11,5,6,0.0005,0.005,4.0,True,-28.350850202520622,14.545454545454547,,,
sfp_institutional,ictsuite,BTC,4h,8,6,2,0.0005,0.005,4.0,True,3.45120075507592,20.0,,,
sfp_institutional,ictsuite,ETH,1h,11,5,6,0.0005,0.005,4.0,True,-2.3522729055199987,7.272727272727273,,,
sfp_institutional,ictsuite,ETH,4h,5,1,4,0.0005,0.005,4.0,True,-3.1688816964679902,16.0,,,
sfp_institutional,ictsuite,BTC,1h,35,18,17,0.0005,0.005,4.0,False,-85.5362848894253,10.285204991087344,,,
sfp_institutional,ictsuite,BTC,4h,17,13,4,0.0005,0.005,4.0,False,-23.285743869038967,10.0,,,
sfp_institutional,ictsuite,ETH,1h,42,18,24,0.0005,0.005,4.0,False,-4.3759766864879595,19.94736842105263,,,
sfp_institutional,ictsuite,ETH,4h,9,2,7,0.0005,0.005,4.0,False,-5.056795527607995,8.88888888888889,,,
sfp_institutional,ictsuite,BTC,1h,8,6,2,0.0005,0.0075,1.0,True,-12.666123180494871,20.0,,,
sfp_institutional,ictsuite,BTC,4h,10,8,2,0.0005,0.0075,1.0,True,-1.061876027557076,16.0,,,
sfp_institutional,ictsuite,ETH,1h,12,6,6,0.0005,0.0075,1.0,True,-2.621762111819998,13.333333333333332,,,
sfp_institutional,ictsuite,ETH,4h,7,3,4,0.0005,0.0075,1.0,True,-6.797456076807992,11.428571428571429,,,
sfp_institutional,ictsuite,BTC,1h,21,13,8,0.0005,0.0075,1.0,False,-50.378307673399675,12.380952380952381,,,
sfp_institutional,ictsuite,BTC,4h,21,16,5,0.0005,0.0075,1.0,False,-46.30256120658456,8.0,,,
sfp_institutional,ictsuite,ETH,1h,38,18,20,0.0005,0.0075,1.0,False,-4.81673293230797,18.304093567251464,,,
sfp_institutional,ictsuite,ETH,4h,12,4,8,0.0005,0.0075,1.0,False,-9.342564428887997,6.666666666666666,,,
sfp_institutional,ictsuite,BTC,1h,14,9,5,0.0005,0.0075,2.0,True,-29.755065522275203,11.428571428571429,,,
sfp_institutional,ictsuite,BTC,4h,10,8,2,0.0005,0.0075,2.0,True,-1.061876027557076,16.0,,,
sfp_institutional,ictsuite,ETH,1h,14,7,7,0.0005,0.0075,2.0,True,-2.8710608992199975,11.428571428571429,,,
sfp_institutional,ictsuite,ETH,4h,8,4,4,0.0005,0.0075,2.0,True,-7.291975251727991,10.0,,,
sfp_institutional,ictsuite,BTC,1h,36,20,16,0.0005,0.0075,2.0,False,-80.08018859841049,7.630252100840337,,,
sfp_institutional,ictsuite,BTC,4h,23,16,7,0.0005,0.0075,2.0,False,-60.73689416277636,7.272727272727273,,,
sfp_institutional,ictsuite,ETH,1h,49,23,26,0.0005,0.0075,2.0,False,-5.464762316591967,19.96376811594203,,,
sfp_institutional,ictsuite,ETH,4h,13,5,8,0.0005,0.0075,2.0,False,-9.837083603807999,6.153846153846154,,,
sfp_institutional,ictsuite,BTC,1h,18,10,8,0.0005,0.0075,3.0,True,-39.28336382102478,8.88888888888889,,,
sfp_institutional,ictsuite,BTC,4h,10,8,2,0.0005,0.0075,3.0,True,-1.061876027557076,16.0,,,
sfp_institutional,ictsuite,ETH,1h,14,7,7,0.0005,0.0075,3.0,True,-2.8710608992199975,11.428571428571429,,,
sfp_institutional,ictsuite,ETH,4h,8,4,4,0.0005,0.0075,3.0,True,-7.291975251727991,10.0,,,
sfp_institutional,ictsuite,BTC,1h,46,26,20,0.0005,0.0075,3.0,False,-95.15313340975871,7.896405919661734,,,
sfp_institutional,ictsuite,BTC,4h,23,16,7,0.0005,0.0075,3.0,False,-60.73689416277636,7.272727272727273,,,
sfp_institutional,ictsuite,ETH,1h,50,23,27,0.0005,0.0075,3.0,False,-5.48201463155196,19.96376811594203,,,
sfp_institutional,ictsuite,ETH,4h,13,5,8,0.0005,0.0075,3.0,False,-9.837083603807999,6.153846153846154,,,
sfp_institutional,ictsuite,BTC,1h,18,10,8,0.0005,0.0075,4.0,True,-39.28336382102478,8.88888888888889,,,
sfp_institutional,ictsuite,BTC,4h,10,8,2,0.0005,0.0075,4.0,True,-1.061876027557076,16.0,,,
sfp_institutional,ictsuite,ETH,1h,14,7,7,0.0005,0.0075,4.0,True,-2.8710608992199975,11.428571428571429,,,
sfp_institutional,ictsuite,ETH,4h,8,4,4,0.0005,0.0075,4.0,True,-7.291975251727991,10.0,,,
sfp_institutional,ictsuite,BTC,1h,47,26,21,0.0005,0.0075,4.0,False,-98.81889180130746,7.8863049095607245,,,
sfp_institutional,ictsuite,BTC,4h,23,16,7,0.0005,0.0075,4.0,False,-60.73689416277636,7.272727272727273,,,
sfp_institutional,ictsuite,ETH,1h,50,23,27,0.0005,0.0075,4.0,False,-5.48201463155196,19.96376811594203,,,
sfp_institutional,ictsuite,ETH,4h,13,5,8,0.0005,0.0075,4.0,False,-9.837083603807999,6.153846153846154,,,
sfp_institutional,ictsuite,BTC,1h,5,4,1,0.001,0.005,1.0,True,2.995832245480367,32.0,,,
sfp_institutional,ictsuite,BTC,4h,7,5,2,0.001,0.005,1.0,True,4.00610694338344,22.857142857142858,,,
sfp_institutional,ictsuite,ETH,1h,7,3,4,0.001,0.005,1.0,True,-2.0694896506799974,0.0,,,
sfp_institutional,ictsuite,ETH,4h,5,1,4,0.001,0.005,1.0,True,-3.1688816964679902,16.0,,,
sfp_institutional,ictsuite,BTC,1h,14,9,5,0.001,0.005,1.0,False,-23.08838673965098,11.428571428571429,,,
sfp_institutional,ictsuite,BTC,4h,15,12,3,0.001,0.005,1.0,False,-13.731385632740686,11.428571428571429,,,
sfp_institutional,ictsuite,ETH,1h,28,15,13,0.001,0.005,1.0,False,-4.026542559603975,15.52910052910053,,,
sfp_institutional,ictsuite,ETH,4h,9,2,7,0.001,0.005,1.0,False,-5.056795527607995,8.88888888888889,,,
sfp_institutional,ictsuite,BTC,1h,8,4,4,0.001,0.005,2.0,True,-11.518862365668951,20.0,,,
sfp_institutional,ictsuite,BTC,4h,7,5,2,0.001,0.005,2.0,True,4.00610694338344,22.857142857142858,,,
sfp_institutional,ictsuite,ETH,1h,8,3,5,0.001,0.005,2.0,True,-2.1532457034999988,0.0,,,
sfp_institutional,ictsuite,ETH,4h,5,1,4,0.001,0.005,2.0,True,-3.1688816964679902,16.0,,,
sfp_institutional,ictsuite,BTC,1h,24,12,12,0.001,0.005,2.0,False,-53.480533951838794,10.0,,,
sfp_institutional,ictsuite,BTC,4h,15,12,3,0.001,0.005,2.0,False,-13.731385632740686,11.428571428571429,,,
sfp_institutional,ictsuite,ETH,1h,34,16,18,0.001,0.005,2.0,False,-4.133687745703975,18.71212121212121,,,
sfp_institutional,ictsuite,ETH,4h,9,2,7,0.001,0.005,2.0,False,-5.056795527607995,8.88888888888889,,,
sfp_institutional,ictsuite,BTC,1h,9,4,5,0.001,0.005,3.0,True,-14.302917156415418,17.77777777777778,,,
sfp_institutional,ictsuite,BTC,4h,7,5,2,0.001,0.005,3.0,True,4.00610694338344,22.857142857142858,,,
sfp_institutional,ictsuite,ETH,1h,8,3,5,0.001,0.005,3.0,True,-2.1532457034999988,0.0,,,
sfp_institutional,ictsuite,ETH,4h,5,1,4,0.001,0.005,3.0,True,-3.1688816964679902,16.0,,,
sfp_institutional,ictsuite,BTC,1h,29,15,14,0.001,0.005,3.0,False,-62.19227199542151,11.428571428571429,,,
sfp_institutional,ictsuite,BTC,4h,15,12,3,0.001,0.005,3.0,False,-13.731385632740686,11.428571428571429,,,
sfp_institutional,ictsuite,ETH,1h,35,16,19,0.001,0.005,3.0,False,-4.150940060663967,18.71212121212121,,,
sfp_institutional,ictsuite,ETH,4h,9,2,7,0.001,0.005,3.0,False,-5.056795527607995,8.88888888888889,,,
sfp_institutional,ictsuite,BTC,1h,9,4,5,0.001,0.005,4.0,True,-14.302917156415418,17.77777777777778,,,
sfp_institutional,ictsuite,BTC,4h,7,5,2,0.001,0.005,4.0,True,4.00610694338344,22.857142857142858,,,
sfp_institutional,ictsuite,ETH,1h,8,3,5,0.001,0.005,4.0,True,-2.1532457034999988,0.0,,,
sfp_institutional,ictsuite,ETH,4h,5,1,4,0.001,0.005,4.0,True,-3.1688816964679902,16.0,,,
sfp_institutional,ictsuite,BTC,1h,30,15,15,0.001,0.005,4.0,False,-65.94838509203684,11.03448275862069,,,
sfp_institutional,ictsuite,BTC,4h,15,12,3,0.001,0.005,4.0,False,-13.731385632740686,11.428571428571429,,,
sfp_institutional,ictsuite,ETH,1h,35,16,19,0.001,0.005,4.0,False,-4.150940060663967,18.71212121212121,,,
sfp_institutional,ictsuite,ETH,4h,9,2,7,0.001,0.005,4.0,False,-5.056795527607995,8.88888888888889,,,
sfp_institutional,ictsuite,BTC,1h,6,5,1,0.001,0.0075,1.0,True,1.2788844624580298,26.666666666666664,,,
sfp_institutional,ictsuite,BTC,4h,9,7,2,0.001,0.0075,1.0,True,-0.5311777190683649,17.77777777777778,,,
sfp_institutional,ictsuite,ETH,1h,9,4,5,0.001,0.0075,1.0,True,-2.4227349097999986,8.88888888888889,,,
sfp_institutional,ictsuite,ETH,4h,7,3,4,0.001,0.0075,1.0,True,-6.797456076807992,11.428571428571429,,,
sfp_institutional,ictsuite,BTC,1h,16,10,6,0.001,0.0075,1.0,False,-31.938773534803513,10.0,,,
sfp_institutional,ictsuite,BTC,4h,19,15,4,0.001,0.0075,1.0,False,-36.87166383185703,8.88888888888889,,,
sfp_institutional,ictsuite,ETH,1h,31,16,15,0.001,0.0075,1.0,False,-4.591696306483978,16.64516129032258,,,
sfp_institutional,ictsuite,ETH,4h,12,4,8,0.001,0.0075,1.0,False,-9.342564428887997,6.666666666666666,,,
sfp_institutional,ictsuite,BTC,1h,12,8,4,0.001,0.0075,2.0,True,-16.314524953205602,13.333333333333332,,,
sfp_institutional,ictsuite,BTC,4h,9,7,2,0.001,0.0075,2.0,True,-0.5311777190683649,17.77777777777778,,,
sfp_institutional,ictsuite,ETH,1h,11,5,6,0.001,0.0075,2.0,True,-2.672033697199998,7.272727272727273,,,
sfp_institutional,ictsuite,ETH,4h,8,4,4,0.001,0.0075,2.0,True,-7.291975251727991,10.0,,,
sfp_institutional,ictsuite,BTC,1h,31,17,14,0.001,0.0075,2.0,False,-61.49871591185968,8.0,,,
sfp_institutional,ictsuite,BTC,4h,21,15,6,0.001,0.0075,2.0,False,-51.3059967880488,8.0,,,
sfp_institutional,ictsuite,ETH,1h,42,21,21,0.001,0.0075,2.0,False,-5.239725690767974,18.975609756097562,,,
sfp_institutional,ictsuite,ETH,4h,13,5,8,0.001,0.0075,2.0,False,-9.837083603807999,6.153846153846154,,,
sfp_institutional,ictsuite,BTC,1h,16,9,7,0.001,0.0075,3.0,True,-25.95557532512445,10.0,,,
sfp_institutional,ictsuite,BTC,4h,9,7,2,0.001,0.0075,3.0,True,-0.5311777190683649,17.77777777777778,,,
sfp_institutional,ictsuite,ETH,1h,11,5,6,0.001,0.0075,3.0,True,-2.672033697199998,7.272727272727273,,,
sfp_institutional,ictsuite,ETH,4h,8,4,4,0.001,0.0075,3.0,True,-7.291975251727991,10.0,,,
sfp_institutional,ictsuite,BTC,1h,41,23,18,0.001,0.0075,3.0,False,-77.03738910952613,8.205128205128204,,,
sfp_institutional,ictsuite,BTC,4h,21,15,6,0.001,0.0075,3.0,False,-51.3059967880488,8.0,,,
sfp_institutional,ictsuite,ETH,1h,43,21,22,0.001,0.0075,3.0,False,-5.256978005727966,18.975609756097562,,,
sfp_institutional,ictsuite,ETH,4h,13,5,8,0.001,0.0075,3.0,False,-9.837083603807999,6.153846153846154,,,
sfp_institutional,ictsuite,BTC,1h,16,9,7,0.001,0.0075,4.0,True,-25.95557532512445,10.0,,,
sfp_institutional,ictsuite,BTC,4h,9,7,2,0.001,0.0075,4.0,True,-0.5311777190683649,17.77777777777778,,,
sfp_institutional,ictsuite,ETH,1h,11,5,6,0.001,0.0075,4.0,True,-2.672033697199998,7.272727272727273,,,
sfp_institutional,ictsuite,ETH,4h,8,4,4,0.001,0.0075,4.0,True,-7.291975251727991,10.0,,,
sfp_institutional,ictsuite,BTC,1h,42,23,19,0.001,0.0075,4.0,False,-80.70755370908168,8.0,,,
sfp_institutional,ictsuite,BTC,4h,21,15,6,0.001,0.0075,4.0,False,-51.3059967880488,8.0,,,
sfp_institutional,ictsuite,ETH,1h,43,21,22,0.001,0.0075,4.0,False,-5.256978005727966,18.975609756097562,,,
sfp_institutional,ictsuite,ETH,4h,13,5,8,0.001,0.0075,4.0,False,-9.837083603807999,6.153846153846154,,,
sfp_institutional,ictsuite,BTC,1h,4,3,1,0.0015,0.005,1.0,True,4.27726250981503,40.0,,,
sfp_institutional,ictsuite,BTC,4h,7,5,2,0.0015,0.005,1.0,True,4.00610694338344,22.857142857142858,,,
sfp_institutional,ictsuite,ETH,1h,4,2,2,0.0015,0.005,1.0,True,-1.3119338380199965,0.0,,,
sfp_institutional,ictsuite,ETH,4h,3,0,3,0.0015,0.005,1.0,True,-2.95693482873999,0.0,,,
sfp_institutional,ictsuite,BTC,1h,12,8,4,0.0015,0.005,1.0,False,-18.76168016622486,13.333333333333332,,,
sfp_institutional,ictsuite,BTC,4h,15,12,3,0.0015,0.005,1.0,False,-13.731385632740686,11.428571428571429,,,
sfp_institutional,ictsuite,ETH,1h,20,11,9,0.0015,0.005,1.0,False,-2.641600492959977,21.0,,,
sfp_institutional,ictsuite,ETH,4h,6,0,6,0.0015,0.005,1.0,False,-4.4869128443999955,0.0,,,
sfp_institutional,ictsuite,BTC,1h,7,3,4,0.0015,0.005,2.0,True,-10.237432101334194,22.857142857142858,,,
sfp_institutional,ictsuite,BTC,4h,7,5,2,0.0015,0.005,2.0,True,4.00610694338344,22.857142857142858,,,
sfp_institutional,ictsuite,ETH,1h,5,2,3,0.0015,0.005,2.0,True,-1.3956898908399982,0.0,,,
sfp_institutional,ictsuite,ETH,4h,3,0,3,0.0015,0.005,2.0,True,-2.95693482873999,0.0,,,
sfp_institutional,ictsuite,BTC,1h,22,11,11,0.0015,0.005,2.0,False,-49.19240079482263,10.909090909090908,,,
sfp_institutional,ictsuite,BTC,4h,15,12,3,0.0015,0.005,2.0,False,-13.731385632740686,11.428571428571429,,,
sfp_institutional,ictsuite,ETH,1h,26,12,14,0.0015,0.005,2.0,False,-2.7487456790599767,24.000000000000007,,,
sfp_institutional,ictsuite,ETH,4h,6,0,6,0.0015,0.005,2.0,False,-4.4869128443999955,0.0,,,
sfp_institutional,ictsuite,BTC,1h,8,3,5,0.0015,0.005,3.0,True,-13.021486892080642,20.0,,,
sfp_institutional,ictsuite,BTC,4h,7,5,2,0.0015,0.005,3.0,True,4.00610694338344,22.857142857142858,,,
sfp_institutional,ictsuite,ETH,1h,5,2,3,0.0015,0.005,3.0,True,-1.3956898908399982,0.0,,,
sfp_institutional,ictsuite,ETH,4h,3,0,3,0.0015,0.005,3.0,True,-2.95693482873999,0.0,,,
sfp_institutional,ictsuite,BTC,1h,27,14,13,0.0015,0.005,3.0,False,-57.92447818283193,12.307692307692308,,,
sfp_institutional,ictsuite,BTC,4h,15,12,3,0.0015,0.005,3.0,False,-13.731385632740686,11.428571428571429,,,
sfp_institutional,ictsuite,ETH,1h,27,12,15,0.0015,0.005,3.0,False,-2.765997994019968,24.000000000000007,,,
sfp_institutional,ictsuite,ETH,4h,6,0,6,0.0015,0.005,3.0,False,-4.4869128443999955,0.0,,,
sfp_institutional,ictsuite,BTC,1h,8,3,5,0.0015,0.005,4.0,True,-13.021486892080642,20.0,,,
sfp_institutional,ictsuite,BTC,4h,7,5,2,0.0015,0.005,4.0,True,4.00610694338344,22.857142857142858,,,
sfp_institutional,ictsuite,ETH,1h,5,2,3,0.0015,0.005,4.0,True,-1.3956898908399982,0.0,,,
sfp_institutional,ictsuite,ETH,4h,3,0,3,0.0015,0.005,4.0,True,-2.95693482873999,0.0,,,
sfp_institutional,ictsuite,BTC,1h,28,14,14,0.0015,0.005,4.0,False,-61.680591279447206,11.851851851851851,,,
sfp_institutional,ictsuite,BTC,4h,15,12,3,0.0015,0.005,4.0,False,-13.731385632740686,11.428571428571429,,,
sfp_institutional,ictsuite,ETH,1h,27,12,15,0.0015,0.005,4.0,False,-2.765997994019968,24.000000000000007,,,
sfp_institutional,ictsuite,ETH,4h,6,0,6,0.0015,0.005,4.0,False,-4.4869128443999955,0.0,,,
sfp_institutional,ictsuite,BTC,1h,5,4,1,0.0015,0.0075,1.0,True,2.538953193966733,32.0,,,
sfp_institutional,ictsuite,BTC,4h,9,7,2,0.0015,0.0075,1.0,True,-0.5311777190683649,17.77777777777778,,,
sfp_institutional,ictsuite,ETH,1h,6,3,3,0.0015,0.0075,1.0,True,-1.6651790971399976,13.333333333333332,,,
sfp_institutional,ictsuite,ETH,4h,5,2,3,0.0015,0.0075,1.0,True,-6.585509209079992,0.0,,,
sfp_institutional,ictsuite,BTC,1h,14,9,5,0.0015,0.0075,1.0,False,-27.684193464917016,11.428571428571429,,,
sfp_institutional,ictsuite,BTC,4h,19,15,4,0.0015,0.0075,1.0,False,-36.87166383185703,8.88888888888889,,,
sfp_institutional,ictsuite,ETH,1h,23,12,11,0.0015,0.0075,1.0,False,-3.2067542398399804,21.73913043478261,,,
sfp_institutional,ictsuite,ETH,4h,9,2,7,0.0015,0.0075,1.0,False,-8.772681745679995,0.0,,,
sfp_institutional,ictsuite,BTC,1h,11,7,4,0.0015,0.0075,2.0,True,-15.103486148544878,14.545454545454547,,,
sfp_institutional,ictsuite,BTC,4h,9,7,2,0.0015,0.0075,2.0,True,-0.5311777190683649,17.77777777777778,,,
sfp_institutional,ictsuite,ETH,1h,8,4,4,0.0015,0.0075,2.0,True,-1.9144778845399968,10.0,,,
sfp_institutional,ictsuite,ETH,4h,6,3,3,0.0015,0.0075,2.0,True,-7.08002838399999,0.0,,,
sfp_institutional,ictsuite,BTC,1h,29,16,13,0.0015,0.0075,2.0,False,-57.33968100191145,8.571428571428571,,,
sfp_institutional,ictsuite,BTC,4h,21,15,6,0.0015,0.0075,2.0,False,-51.3059967880488,8.0,,,
sfp_institutional,ictsuite,ETH,1h,34,17,17,0.0015,0.0075,2.0,False,-3.854783624123977,23.030303030303028,,,
sfp_institutional,ictsuite,ETH,4h,10,3,7,0.0015,0.0075,2.0,False,-9.267200920599993,0.0,,,
sfp_institutional,ictsuite,BTC,1h,15,8,7,0.0015,0.0075,3.0,True,-24.750806303823758,10.666666666666668,,,
sfp_institutional,ictsuite,BTC,4h,9,7,2,0.0015,0.0075,3.0,True,-0.5311777190683649,17.77777777777778,,,
sfp_institutional,ictsuite,ETH,1h,8,4,4,0.0015,0.0075,3.0,True,-1.9144778845399968,10.0,,,
sfp_institutional,ictsuite,ETH,4h,6,3,3,0.0015,0.0075,3.0,True,-7.08002838399999,0.0,,,
sfp_institutional,ictsuite,BTC,1h,39,22,17,0.0015,0.0075,3.0,False,-72.93748756663868,8.64864864864865,,,
sfp_institutional,ictsuite,BTC,4h,21,15,6,0.0015,0.0075,3.0,False,-51.3059967880488,8.0,,,
sfp_institutional,ictsuite,ETH,1h,35,17,18,0.0015,0.0075,3.0,False,-3.8720359390839687,23.030303030303028,,,
sfp_institutional,ictsuite,ETH,4h,10,3,7,0.0015,0.0075,3.0,False,-9.267200920599993,0.0,,,
sfp_institutional,ictsuite,BTC,1h,15,8,7,0.0015,0.0075,4.0,True,-24.750806303823758,10.666666666666668,,,
sfp_institutional,ictsuite,BTC,4h,9,7,2,0.0015,0.0075,4.0,True,-0.5311777190683649,17.77777777777778,,,
sfp_institutional,ictsuite,ETH,1h,8,4,4,0.0015,0.0075,4.0,True,-1.9144778845399968,10.0,,,
sfp_institutional,ictsuite,ETH,4h,6,3,3,0.0015,0.0075,4.0,True,-7.08002838399999,0.0,,,
sfp_institutional,ictsuite,BTC,1h,40,22,18,0.0015,0.0075,4.0,False,-76.60765216619426,8.421052631578947,,,
sfp_institutional,ictsuite,BTC,4h,21,15,6,0.0015,0.0075,4.0,False,-51.3059967880488,8.0,,,
sfp_institutional,ictsuite,ETH,1h,35,17,18,0.0015,0.0075,4.0,False,-3.8720359390839687,23.030303030303028,,,
sfp_institutional,ictsuite,ETH,4h,10,3,7,0.0015,0.0075,4.0,False,-9.267200920599993,0.0,,,
po3_fractal,demon2,BTC,1h,0,0,0,,,,True,,,0.0015,4.0,3.0
po3_fractal,demon2,BTC,4h,0,0,0,,,,True,,,0.0015,4.0,3.0
po3_fractal,demon2,ETH,1h,0,0,0,,,,True,,,0.0015,4.0,3.0
po3_fractal,demon2,ETH,4h,0,0,0,,,,True,,,0.0015,4.0,3.0
po3_fractal,demon2,BTC,1h,0,0,0,,,,False,,,0.0015,4.0,3.0
po3_fractal,demon2,BTC,4h,0,0,0,,,,False,,,0.0015,4.0,3.0
po3_fractal,demon2,ETH,1h,0,0,0,,,,False,,,0.0015,4.0,3.0
po3_fractal,demon2,ETH,4h,0,0,0,,,,False,,,0.0015,4.0,3.0
po3_fractal,demon2,BTC,1h,0,0,0,,,,True,,,0.0015,4.0,5.0
po3_fractal,demon2,BTC,4h,0,0,0,,,,True,,,0.0015,4.0,5.0
po3_fractal,demon2,ETH,1h,0,0,0,,,,True,,,0.0015,4.0,5.0
po3_fractal,demon2,ETH,4h,0,0,0,,,,True,,,0.0015,4.0,5.0
po3_fractal,demon2,BTC,1h,0,0,0,,,,False,,,0.0015,4.0,5.0
po3_fractal,demon2,BTC,4h,0,0,0,,,,False,,,0.0015,4.0,5.0
po3_fractal,demon2,ETH,1h,0,0,0,,,,False,,,0.0015,4.0,5.0
po3_fractal,demon2,ETH,4h,0,0,0,,,,False,,,0.0015,4.0,5.0
po3_fractal,demon2,BTC,1h,0,0,0,,,,True,,,0.0015,4.0,10.0
po3_fractal,demon2,BTC,4h,0,0,0,,,,True,,,0.0015,4.0,10.0
po3_fractal,demon2,ETH,1h,0,0,0,,,,True,,,0.0015,4.0,10.0
po3_fractal,demon2,ETH,4h,0,0,0,,,,True,,,0.0015,4.0,10.0
po3_fractal,demon2,BTC,1h,0,0,0,,,,False,,,0.0015,4.0,10.0
po3_fractal,demon2,BTC,4h,0,0,0,,,,False,,,0.0015,4.0,10.0
po3_fractal,demon2,ETH,1h,0,0,0,,,,False,,,0.0015,4.0,10.0
po3_fractal,demon2,ETH,4h,0,0,0,,,,False,,,0.0015,4.0,10.0
po3_fractal,demon2,BTC,1h,1,1,0,,,,True,-0.9543082505489862,0.0,0.0015,6.0,3.0
po3_fractal,demon2,BTC,4h,0,0,0,,,,True,,,0.0015,6.0,3.0
po3_fractal,demon2,ETH,1h,0,0,0,,,,True,,,0.0015,6.0,3.0
po3_fractal,demon2,ETH,4h,0,0,0,,,,True,,,0.0015,6.0,3.0
po3_fractal,demon2,BTC,1h,1,1,0,,,,False,-0.9543082505489862,0.0,0.0015,6.0,3.0
po3_fractal,demon2,BTC,4h,0,0,0,,,,False,,,0.0015,6.0,3.0
po3_fractal,demon2,ETH,1h,0,0,0,,,,False,,,0.0015,6.0,3.0
po3_fractal,demon2,ETH,4h,0,0,0,,,,False,,,0.0015,6.0,3.0
po3_fractal,demon2,BTC,1h,1,1,0,,,,True,-0.9543082505489862,0.0,0.0015,6.0,5.0
po3_fractal,demon2,BTC,4h,0,0,0,,,,True,,,0.0015,6.0,5.0
po3_fractal,demon2,ETH,1h,0,0,0,,,,True,,,0.0015,6.0,5.0
po3_fractal,demon2,ETH,4h,0,0,0,,,,True,,,0.0015,6.0,5.0
po3_fractal,demon2,BTC,1h,1,1,0,,,,False,-0.9543082505489862,0.0,0.0015,6.0,5.0
po3_fractal,demon2,BTC,4h,0,0,0,,,,False,,,0.0015,6.0,5.0
po3_fractal,demon2,ETH,1h,0,0,0,,,,False,,,0.0015,6.0,5.0
po3_fractal,demon2,ETH,4h,0,0,0,,,,False,,,0.0015,6.0,5.0
po3_fractal,demon2,BTC,1h,1,1,0,,,,True,-0.9543082505489862,0.0,0.0015,6.0,10.0
po3_fractal,demon2,BTC,4h,0,0,0,,,,True,,,0.0015,6.0,10.0
po3_fractal,demon2,ETH,1h,0,0,0,,,,True,,,0.0015,6.0,10.0
po3_fractal,demon2,ETH,4h,0,0,0,,,,True,,,0.0015,6.0,10.0
po3_fractal,demon2,BTC,1h,1,1,0,,,,False,-0.9543082505489862,0.0,0.0015,6.0,10.0
po3_fractal,demon2,BTC,4h,0,0,0,,,,False,,,0.0015,6.0,10.0
po3_fractal,demon2,ETH,1h,0,0,0,,,,False,,,0.0015,6.0,10.0
po3_fractal,demon2,ETH,4h,0,0,0,,,,False,,,0.0015,6.0,10.0
po3_fractal,demon2,BTC,1h,1,1,0,,,,True,-0.9543082505489862,0.0,0.0015,10.0,3.0
po3_fractal,demon2,BTC,4h,0,0,0,,,,True,,,0.0015,10.0,3.0
po3_fractal,demon2,ETH,1h,0,0,0,,,,True,,,0.0015,10.0,3.0
po3_fractal,demon2,ETH,4h,0,0,0,,,,True,,,0.0015,10.0,3.0
po3_fractal,demon2,BTC,1h,1,1,0,,,,False,-0.9543082505489862,0.0,0.0015,10.0,3.0
po3_fractal,demon2,BTC,4h,0,0,0,,,,False,,,0.0015,10.0,3.0
po3_fractal,demon2,ETH,1h,0,0,0,,,,False,,,0.0015,10.0,3.0
po3_fractal,demon2,ETH,4h,0,0,0,,,,False,,,0.0015,10.0,3.0
po3_fractal,demon2,BTC,1h,1,1,0,,,,True,-0.9543082505489862,0.0,0.0015,10.0,5.0
po3_fractal,demon2,BTC,4h,0,0,0,,,,True,,,0.0015,10.0,5.0
po3_fractal,demon2,ETH,1h,0,0,0,,,,True,,,0.0015,10.0,5.0
po3_fractal,demon2,ETH,4h,0,0,0,,,,True,,,0.0015,10.0,5.0
po3_fractal,demon2,BTC,1h,1,1,0,,,,False,-0.9543082505489862,0.0,0.0015,10.0,5.0
po3_fractal,demon2,BTC,4h,0,0,0,,,,False,,,0.0015,10.0,5.0
po3_fractal,demon2,ETH,1h,0,0,0,,,,False,,,0.0015,10.0,5.0
po3_fractal,demon2,ETH,4h,0,0,0,,,,False,,,0.0015,10.0,5.0
po3_fractal,demon2,BTC,1h,1,1,0,,,,True,-0.9543082505489862,0.0,0.0015,10.0,10.0
po3_fractal,demon2,BTC,4h,0,0,0,,,,True,,,0.0015,10.0,10.0
po3_fractal,demon2,ETH,1h,0,0,0,,,,True,,,0.0015,10.0,10.0
po3_fractal,demon2,ETH,4h,0,0,0,,,,True,,,0.0015,10.0,10.0
po3_fractal,demon2,BTC,1h,1,1,0,,,,False,-0.9543082505489862,0.0,0.0015,10.0,10.0
po3_fractal,demon2,BTC,4h,0,0,0,,,,False,,,0.0015,10.0,10.0
po3_fractal,demon2,ETH,1h,0,0,0,,,,False,,,0.0015,10.0,10.0
po3_fractal,demon2,ETH,4h,0,0,0,,,,False,,,0.0015,10.0,10.0
po3_fractal,demon2,BTC,1h,1,1,0,,,,True,-0.9543082505489862,0.0,0.0015,14.0,3.0
po3_fractal,demon2,BTC,4h,0,0,0,,,,True,,,0.0015,14.0,3.0
po3_fractal,demon2,ETH,1h,0,0,0,,,,True,,,0.0015,14.0,3.0
po3_fractal,demon2,ETH,4h,0,0,0,,,,True,,,0.0015,14.0,3.0
po3_fractal,demon2,BTC,1h,1,1,0,,,,False,-0.9543082505489862,0.0,0.0015,14.0,3.0
po3_fractal,demon2,BTC,4h,0,0,0,,,,False,,,0.0015,14.0,3.0
po3_fractal,demon2,ETH,1h,1,0,1,,,,False,-0.3111482981599994,0.0,0.0015,14.0,3.0
po3_fractal,demon2,ETH,4h,0,0,0,,,,False,,,0.0015,14.0,3.0
po3_fractal,demon2,BTC,1h,1,1,0,,,,True,-0.9543082505489862,0.0,0.0015,14.0,5.0
po3_fractal,demon2,BTC,4h,0,0,0,,,,True,,,0.0015,14.0,5.0
po3_fractal,demon2,ETH,1h,0,0,0,,,,True,,,0.0015,14.0,5.0
po3_fractal,demon2,ETH,4h,0,0,0,,,,True,,,0.0015,14.0,5.0
po3_fractal,demon2,BTC,1h,1,1,0,,,,False,-0.9543082505489862,0.0,0.0015,14.0,5.0
po3_fractal,demon2,BTC,4h,0,0,0,,,,False,,,0.0015,14.0,5.0
po3_fractal,demon2,ETH,1h,1,0,1,,,,False,-0.3111482981599994,0.0,0.0015,14.0,5.0
po3_fractal,demon2,ETH,4h,0,0,0,,,,False,,,0.0015,14.0,5.0
po3_fractal,demon2,BTC,1h,1,1,0,,,,True,-0.9543082505489862,0.0,0.0015,14.0,10.0
po3_fractal,demon2,BTC,4h,0,0,0,,,,True,,,0.0015,14.0,10.0
po3_fractal,demon2,ETH,1h,0,0,0,,,,True,,,0.0015,14.0,10.0
po3_fractal,demon2,ETH,4h,0,0,0,,,,True,,,0.0015,14.0,10.0
po3_fractal,demon2,BTC,1h,1,1,0,,,,False,-0.9543082505489862,0.0,0.0015,14.0,10.0
po3_fractal,demon2,BTC,4h,0,0,0,,,,False,,,0.0015,14.0,10.0
po3_fractal,demon2,ETH,1h,1,0,1,,,,False,-0.3111482981599994,0.0,0.0015,14.0,10.0
po3_fractal,demon2,ETH,4h,0,0,0,,,,False,,,0.0015,14.0,10.0
po3_fractal,demon2,BTC,1h,0,0,0,,,,True,,,0.003,4.0,3.0
po3_fractal,demon2,BTC,4h,0,0,0,,,,True,,,0.003,4.0,3.0
po3_fractal,demon2,ETH,1h,1,1,0,,,,True,-0.19244824510000286,0.0,0.003,4.0,3.0
po3_fractal,demon2,ETH,4h,0,0,0,,,,True,,,0.003,4.0,3.0
po3_fractal,demon2,BTC,1h,1,1,0,,,,False,3.2532796724184165,80.0,0.003,4.0,3.0
po3_fractal,demon2,BTC,4h,0,0,0,,,,False,,,0.003,4.0,3.0
po3_fractal,demon2,ETH,1h,1,1,0,,,,False,-0.19244824510000286,0.0,0.003,4.0,3.0
po3_fractal,demon2,ETH,4h,0,0,0,,,,False,,,0.003,4.0,3.0
po3_fractal,demon2,BTC,1h,0,0,0,,,,True,,,0.003,4.0,5.0
po3_fractal,demon2,BTC,4h,1,1,0,,,,True,2.402473990585552,80.0,0.003,4.0,5.0
po3_fractal,demon2,ETH,1h,1,1,0,,,,True,-0.19244824510000286,0.0,0.003,4.0,5.0
po3_fractal,demon2,ETH,4h,1,1,0,,,,True,-0.38400732549999705,0.0,0.003,4.0,5.0
po3_fractal,demon2,BTC,1h,1,1,0,,,,False,3.2532796724184165,80.0,0.003,4.0,5.0
po3_fractal,demon2,BTC,4h,1,1,0,,,,False,2.402473990585552,80.0,0.003,4.0,5.0
po3_fractal,demon2,ETH,1h,1,1,0,,,,False,-0.19244824510000286,0.0,0.003,4.0,5.0
po3_fractal,demon2,ETH,4h,1,1,0,,,,False,-0.38400732549999705,0.0,0.003,4.0,5.0
po3_fractal,demon2,BTC,1h,0,0,0,,,,True,,,0.003,4.0,10.0
po3_fractal,demon2,BTC,4h,0,0,0,,,,True,,,0.003,4.0,10.0
po3_fractal,demon2,ETH,1h,0,0,0,,,,True,,,0.003,4.0,10.0
po3_fractal,demon2,ETH,4h,1,1,0,,,,True,-0.38400732549999705,0.0,0.003,4.0,10.0
po3_fractal,demon2,BTC,1h,0,0,0,,,,False,,,0.003,4.0,10.0
po3_fractal,demon2,BTC,4h,0,0,0,,,,False,,,0.003,4.0,10.0
po3_fractal,demon2,ETH,1h,0,0,0,,,,False,,,0.003,4.0,10.0
po3_fractal,demon2,ETH,4h,1,1,0,,,,False,-0.38400732549999705,0.0,0.003,4.0,10.0
po3_fractal,demon2,BTC,1h,1,0,1,,,,True,-16.89985745519998,0.0,0.003,6.0,3.0
po3_fractal,demon2,BTC,4h,0,0,0,,,,True,,,0.003,6.0,3.0
po3_fractal,demon2,ETH,1h,1,1,0,,,,True,-0.19244824510000286,0.0,0.003,6.0,3.0
po3_fractal,demon2,ETH,4h,0,0,0,,,,True,,,0.003,6.0,3.0
po3_fractal,demon2,BTC,1h,2,1,1,,,,False,-14.320655362549237,40.0,0.003,6.0,3.0
po3_fractal,demon2,BTC,4h,2,2,0,,,,False,6.307766701307794,90.0,0.003,6.0,3.0
po3_fractal,demon2,ETH,1h,1,1,0,,,,False,-0.19244824510000286,0.0,0.003,6.0,3.0
po3_fractal,demon2,ETH,4h,0,0,0,,,,False,,,0.003,6.0,3.0
po3_fractal,demon2,BTC,1h,1,0,1,,,,True,-16.89985745519998,0.0,0.003,6.0,5.0
po3_fractal,demon2,BTC,4h,1,1,0,,,,True,2.402473990585552,80.0,0.003,6.0,5.0
po3_fractal,demon2,ETH,1h,1,1,0,,,,True,-0.19244824510000286,0.0,0.003,6.0,5.0
po3_fractal,demon2,ETH,4h,1,1,0,,,,True,-0.38400732549999705,0.0,0.003,6.0,5.0
po3_fractal,demon2,BTC,1h,2,1,1,,,,False,-14.320655362549237,40.0,0.003,6.0,5.0
po3_fractal,demon2,BTC,4h,3,3,0,,,,False,5.1581528493938755,86.66666666666666,0.003,6.0,5.0
po3_fractal,demon2,ETH,1h,1,1,0,,,,False,-0.19244824510000286,0.0,0.003,6.0,5.0
po3_fractal,demon2,ETH,4h,1,1,0,,,,False,-0.38400732549999705,0.0,0.003,6.0,5.0
po3_fractal,demon2,BTC,1h,1,0,1,,,,True,-16.89985745519998,0.0,0.003,6.0,10.0
po3_fractal,demon2,BTC,4h,0,0,0,,,,True,,,0.003,6.0,10.0
po3_fractal,demon2,ETH,1h,0,0,0,,,,True,,,0.003,6.0,10.0
po3_fractal,demon2,ETH,4h,1,1,0,,,,True,-0.38400732549999705,0.0,0.003,6.0,10.0
po3_fractal,demon2,BTC,1h,1,0,1,,,,False,-16.89985745519998,0.0,0.003,6.0,10.0
po3_fractal,demon2,BTC,4h,2,2,0,,,,False,6.307766701307794,90.0,0.003,6.0,10.0
po3_fractal,demon2,ETH,1h,0,0,0,,,,False,,,0.003,6.0,10.0
po3_fractal,demon2,ETH,4h,1,1,0,,,,False,-0.38400732549999705,0.0,0.003,6.0,10.0
po3_fractal,demon2,BTC,1h,1,0,1,,,,True,-16.89985745519998,0.0,0.003,10.0,3.0
po3_fractal,demon2,BTC,4h,0,0,0,,,,True,,,0.003,10.0,3.0
po3_fractal,demon2,ETH,1h,1,1,0,,,,True,-0.19244824510000286,0.0,0.003,10.0,3.0
po3_fractal,demon2,ETH,4h,0,0,0,,,,True,,,0.003,10.0,3.0
po3_fractal,demon2,BTC,1h,2,1,1,,,,False,-14.320655362549237,40.0,0.003,10.0,3.0
po3_fractal,demon2,BTC,4h,2,2,0,,,,False,6.307766701307794,90.0,0.003,10.0,3.0
po3_fractal,demon2,ETH,1h,1,1,0,,,,False,-0.19244824510000286,0.0,0.003,10.0,3.0
po3_fractal,demon2,ETH,4h,0,0,0,,,,False,,,0.003,10.0,3.0
po3_fractal,demon2,BTC,1h,1,0,1,,,,True,-16.89985745519998,0.0,0.003,10.0,5.0
po3_fractal,demon2,BTC,4h,1,1,0,,,,True,2.402473990585552,80.0,0.003,10.0,5.0
po3_fractal,demon2,ETH,1h,1,1,0,,,,True,-0.19244824510000286,0.0,0.003,10.0,5.0
po3_fractal,demon2,ETH,4h,1,1,0,,,,True,-0.38400732549999705,0.0,0.003,10.0,5.0
po3_fractal,demon2,BTC,1h,3,1,2,,,,False,-21.82658177869445,26.666666666666664,0.003,10.0,5.0
po3_fractal,demon2,BTC,4h,3,3,0,,,,False,5.1581528493938755,86.66666666666666,0.003,10.0,5.0
po3_fractal,demon2,ETH,1h,1,1,0,,,,False,-0.19244824510000286,0.0,0.003,10.0,5.0
po3_fractal,demon2,ETH,4h,1,1,0,,,,False,-0.38400732549999705,0.0,0.003,10.0,5.0
po3_fractal,demon2,BTC,1h,1,0,1,,,,True,-16.89985745519998,0.0,0.003,10.0,10.0
po3_fractal,demon2,BTC,4h,0,0,0,,,,True,,,0.003,10.0,10.0
po3_fractal,demon2,ETH,1h,0,0,0,,,,True,,,0.003,10.0,10.0
po3_fractal,demon2,ETH,4h,1,1,0,,,,True,-0.38400732549999705,0.0,0.003,10.0,10.0
po3_fractal,demon2,BTC,1h,2,0,2,,,,False,-24.12563884020001,0.0,0.003,10.0,10.0
po3_fractal,demon2,BTC,4h,2,2,0,,,,False,6.307766701307794,90.0,0.003,10.0,10.0
po3_fractal,demon2,ETH,1h,0,0,0,,,,False,,,0.003,10.0,10.0
po3_fractal,demon2,ETH,4h,1,1,0,,,,False,-0.38400732549999705,0.0,0.003,10.0,10.0
po3_fractal,demon2,BTC,1h,1,0,1,,,,True,-16.89985745519998,0.0,0.003,14.0,3.0
po3_fractal,demon2,BTC,4h,1,0,1,,,,True,-40.99165394879997,0.0,0.003,14.0,3.0
po3_fractal,demon2,ETH,1h,1,1,0,,,,True,-0.19244824510000286,0.0,0.003,14.0,3.0
po3_fractal,demon2,ETH,4h,0,0,0,,,,True,,,0.003,14.0,3.0
po3_fractal,demon2,BTC,1h,2,1,1,,,,False,-14.320655362549237,40.0,0.003,14.0,3.0
po3_fractal,demon2,BTC,4h,3,2,1,,,,False,6.187745287339102,86.66666666666666,0.003,14.0,3.0
po3_fractal,demon2,ETH,1h,1,1,0,,,,False,-0.19244824510000286,0.0,0.003,14.0,3.0
po3_fractal,demon2,ETH,4h,0,0,0,,,,False,,,0.003,14.0,3.0
po3_fractal,demon2,BTC,1h,1,0,1,,,,True,-16.89985745519998,0.0,0.003,14.0,5.0
po3_fractal,demon2,BTC,4h,3,2,1,,,,True,-4.255544294153011,53.33333333333333,0.003,14.0,5.0
po3_fractal,demon2,ETH,1h,1,1,0,,,,True,-0.19244824510000286,0.0,0.003,14.0,5.0
po3_fractal,demon2,ETH,4h,1,1,0,,,,True,-0.38400732549999705,0.0,0.003,14.0,5.0
po3_fractal,demon2,BTC,1h,3,1,2,,,,False,-21.82658177869445,26.666666666666664,0.003,14.0,5.0
po3_fractal,demon2,BTC,4h,5,4,1,,,,False,10.76074110557815,85.0,0.003,14.0,5.0
po3_fractal,demon2,ETH,1h,1,1,0,,,,False,-0.19244824510000286,0.0,0.003,14.0,5.0
po3_fractal,demon2,ETH,4h,1,1,0,,,,False,-0.38400732549999705,0.0,0.003,14.0,5.0
po3_fractal,demon2,BTC,1h,1,0,1,,,,True,-16.89985745519998,0.0,0.003,14.0,10.0
po3_fractal,demon2,BTC,4h,2,1,1,,,,True,-6.826446623377178,40.0,0.003,14.0,10.0
po3_fractal,demon2,ETH,1h,0,0,0,,,,True,,,0.003,14.0,10.0
po3_fractal,demon2,ETH,4h,1,1,0,,,,True,-0.38400732549999705,0.0,0.003,14.0,10.0
po3_fractal,demon2,BTC,1h,2,0,2,,,,False,-24.12563884020001,0.0,0.003,14.0,10.0
po3_fractal,demon2,BTC,4h,4,3,1,,,,False,11.982963270197935,86.66666666666666,0.003,14.0,10.0
po3_fractal,demon2,ETH,1h,0,0,0,,,,False,,,0.003,14.0,10.0
po3_fractal,demon2,ETH,4h,1,1,0,,,,False,-0.38400732549999705,0.0,0.003,14.0,10.0
po3_fractal,demon2,BTC,1h,2,1,1,,,,True,11.799157102131032,90.0,0.006,4.0,3.0
po3_fractal,demon2,BTC,4h,2,1,1,,,,True,-10.135899495148117,0.0,0.006,4.0,3.0
po3_fractal,demon2,ETH,1h,1,1,0,,,,True,-0.19244824510000286,0.0,0.006,4.0,3.0
po3_fractal,demon2,ETH,4h,1,1,0,,,,True,-0.6860701755600013,0.0,0.006,4.0,3.0
po3_fractal,demon2,BTC,1h,2,1,1,,,,False,11.799157102131032,90.0,0.006,4.0,3.0
po3_fractal,demon2,BTC,4h,2,1,1,,,,False,-10.135899495148117,0.0,0.006,4.0,3.0
po3_fractal,demon2,ETH,1h,2,1,1,,,,False,-0.4536497045000033,0.0,0.006,4.0,3.0
po3_fractal,demon2,ETH,4h,1,1,0,,,,False,-0.6860701755600013,0.0,0.006,4.0,3.0
po3_fractal,demon2,BTC,1h,3,1,2,,,,True,-4.332125600868895,59.99999999999999,0.006,4.0,5.0
po3_fractal,demon2,BTC,4h,3,2,1,,,,True,-7.772031343176921,26.666666666666664,0.006,4.0,5.0
po3_fractal,demon2,ETH,1h,2,2,0,,,,True,0.4042715793199994,40.0,0.006,4.0,5.0
po3_fractal,demon2,ETH,4h,2,1,1,,,,True,-1.1790757039599984,0.0,0.006,4.0,5.0
po3_fractal,demon2,BTC,1h,3,1,2,,,,False,-4.332125600868895,59.99999999999999,0.006,4.0,5.0
po3_fractal,demon2,BTC,4h,6,5,1,,,,False,-0.7580530156328406,40.0,0.006,4.0,5.0
po3_fractal,demon2,ETH,1h,3,2,1,,,,False,0.14307011991999896,26.666666666666664,0.006,4.0,5.0
po3_fractal,demon2,ETH,4h,2,1,1,,,,False,-1.1790757039599984,0.0,0.006,4.0,5.0
po3_fractal,demon2,BTC,1h,3,1,2,,,,True,-4.332125600868895,59.99999999999999,0.006,4.0,10.0
po3_fractal,demon2,BTC,4h,2,1,1,,,,True,-10.135899495148117,0.0,0.006,4.0,10.0
po3_fractal,demon2,ETH,1h,1,0,1,,,,True,-0.27312271046000147,0.0,0.006,4.0,10.0
po3_fractal,demon2,ETH,4h,2,1,1,,,,True,-1.1790757039599984,0.0,0.006,4.0,10.0
po3_fractal,demon2,BTC,1h,4,2,2,,,,False,-1.7598565378181954,65.0,0.006,4.0,10.0
po3_fractal,demon2,BTC,4h,3,2,1,,,,False,-11.740056501954275,0.0,0.006,4.0,10.0
po3_fractal,demon2,ETH,1h,1,0,1,,,,False,-0.27312271046000147,0.0,0.006,4.0,10.0
po3_fractal,demon2,ETH,4h,2,1,1,,,,False,-1.1790757039599984,0.0,0.006,4.0,10.0
po3_fractal,demon2,BTC,1h,4,2,2,,,,True,-1.1179627474194422,65.0,0.006,6.0,3.0
po3_fractal,demon2,BTC,4h,2,1,1,,,,True,-10.135899495148117,0.0,0.006,6.0,3.0
po3_fractal,demon2,ETH,1h,3,1,2,,,,True,-0.7604688457200007,0.0,0.006,6.0,3.0
po3_fractal,demon2,ETH,4h,1,1,0,,,,True,-0.6860701755600013,0.0,0.006,6.0,3.0
po3_fractal,demon2,BTC,1h,4,2,2,,,,False,-1.1179627474194422,65.0,0.006,6.0,3.0
po3_fractal,demon2,BTC,4h,4,3,1,,,,False,4.481393013203928,65.0,0.006,6.0,3.0
po3_fractal,demon2,ETH,1h,4,1,3,,,,False,-0.704769373136003,0.0,0.006,6.0,3.0
po3_fractal,demon2,ETH,4h,1,1,0,,,,False,-0.6860701755600013,0.0,0.006,6.0,3.0
po3_fractal,demon2,BTC,1h,6,2,4,,,,True,-25.85817962792594,44.0,0.006,6.0,5.0
po3_fractal,demon2,BTC,4h,3,2,1,,,,True,-7.772031343176921,26.666666666666664,0.006,6.0,5.0
po3_fractal,demon2,ETH,1h,4,2,2,,,,True,-0.1637490212999984,20.0,0.006,6.0,5.0
po3_fractal,demon2,ETH,4h,2,1,1,,,,True,-1.1790757039599984,0.0,0.006,6.0,5.0
po3_fractal,demon2,BTC,1h,6,2,4,,,,False,-25.85817962792594,44.0,0.006,6.0,5.0
po3_fractal,demon2,BTC,4h,8,7,1,,,,False,10.515807883961282,66.5,0.006,6.0,5.0
po3_fractal,demon2,ETH,1h,5,2,3,,,,False,-0.10804954871600046,20.0,0.006,6.0,5.0
po3_fractal,demon2,ETH,4h,2,1,1,,,,False,-1.1790757039599984,0.0,0.006,6.0,5.0
po3_fractal,demon2,BTC,1h,9,2,7,,,,True,-47.89577750027136,32.857142857142854,0.006,6.0,10.0
po3_fractal,demon2,BTC,4h,2,1,1,,,,True,-10.135899495148117,0.0,0.006,6.0,10.0
po3_fractal,demon2,ETH,1h,4,1,3,,,,True,1.039536217140005,45.0,0.006,6.0,10.0
po3_fractal,demon2,ETH,4h,2,1,1,,,,True,-1.1790757039599984,0.0,0.006,6.0,10.0
po3_fractal,demon2,BTC,1h,10,3,7,,,,False,-46.06847886619201,38.05555555555556,0.006,6.0,10.0
po3_fractal,demon2,BTC,4h,6,4,2,,,,False,102.8593830013411,59.99999999999999,0.006,6.0,10.0
po3_fractal,demon2,ETH,1h,4,1,3,,,,False,1.039536217140005,45.0,0.006,6.0,10.0
po3_fractal,demon2,ETH,4h,2,1,1,,,,False,-1.1790757039599984,0.0,0.006,6.0,10.0
po3_fractal,demon2,BTC,1h,4,2,2,,,,True,-1.1179627474194422,65.0,0.006,10.0,3.0
po3_fractal,demon2,BTC,4h,2,1,1,,,,True,-10.472292004345048,0.0,0.006,10.0,3.0
po3_fractal,demon2,ETH,1h,3,1,2,,,,True,-0.9181634057199984,0.0,0.006,10.0,3.0
po3_fractal,demon2,ETH,4h,1,1,0,,,,True,-0.6860701755600013,0.0,0.006,10.0,3.0
po3_fractal,demon2,BTC,1h,5,2,3,,,,False,-8.03158231988268,52.0,0.006,10.0,3.0
po3_fractal,demon2,BTC,4h,4,3,1,,,,False,4.082171040927465,65.0,0.006,10.0,3.0
po3_fractal,demon2,ETH,1h,6,3,3,,,,False,-1.6794386119559939,0.0,0.006,10.0,3.0
po3_fractal,demon2,ETH,4h,1,1,0,,,,False,-0.6860701755600013,0.0,0.006,10.0,3.0
po3_fractal,demon2,BTC,1h,7,3,4,,,,True,-25.04128284157114,49.04761904761905,0.006,10.0,5.0
po3_fractal,demon2,BTC,4h,4,3,1,,,,True,-1.1254683118678077,40.0,0.006,10.0,5.0
po3_fractal,demon2,ETH,1h,4,2,2,,,,True,-0.32144358129999606,20.0,0.006,10.0,5.0
po3_fractal,demon2,ETH,4h,3,2,1,,,,True,2.208992741740014,26.666666666666664,0.006,10.0,5.0
po3_fractal,demon2,BTC,1h,8,3,5,,,,False,-32.05513761460351,42.857142857142854,0.006,10.0,5.0
po3_fractal,demon2,BTC,4h,9,8,1,,,,False,18.30608322811222,68.88888888888889,0.006,10.0,5.0
po3_fractal,demon2,ETH,1h,8,4,4,,,,False,-1.2786148551159893,11.428571428571429,0.006,10.0,5.0
po3_fractal,demon2,ETH,4h,3,2,1,,,,False,2.208992741740014,26.666666666666664,0.006,10.0,5.0
po3_fractal,demon2,BTC,1h,10,3,7,,,,True,-51.091617444634885,38.05555555555556,0.006,10.0,10.0
po3_fractal,demon2,BTC,4h,3,2,1,,,,True,-3.689363598311104,26.666666666666664,0.006,10.0,10.0
po3_fractal,demon2,ETH,1h,4,1,3,,,,True,0.8818416571400076,45.0,0.006,10.0,10.0
po3_fractal,demon2,ETH,4h,3,2,1,,,,True,2.208992741740014,26.666666666666664,0.006,10.0,10.0
po3_fractal,demon2,BTC,1h,12,4,8,,,,False,-56.36863221181288,38.36363636363637,0.006,10.0,10.0
po3_fractal,demon2,BTC,4h,7,5,2,,,,False,109.2385829534893,62.85714285714286,0.006,10.0,10.0
po3_fractal,demon2,ETH,1h,8,3,5,,,,False,-0.13102908925998352,25.714285714285715,0.006,10.0,10.0
po3_fractal,demon2,ETH,4h,3,2,1,,,,False,2.208992741740014,26.666666666666664,0.006,10.0,10.0
po3_fractal,demon2,BTC,1h,4,2,2,,,,True,-1.1179627474194422,65.0,0.006,14.0,3.0
po3_fractal,demon2,BTC,4h,2,1,1,,,,True,-10.472292004345048,0.0,0.006,14.0,3.0
po3_fractal,demon2,ETH,1h,3,1,2,,,,True,-0.9181634057199984,0.0,0.006,14.0,3.0
po3_fractal,demon2,ETH,4h,1,1,0,,,,True,-0.6860701755600013,0.0,0.006,14.0,3.0
po3_fractal,demon2,BTC,1h,5,2,3,,,,False,-8.03158231988268,52.0,0.006,14.0,3.0
po3_fractal,demon2,BTC,4h,4,3,1,,,,False,4.504849060400924,65.0,0.006,14.0,3.0
po3_fractal,demon2,ETH,1h,7,4,3,,,,False,-2.0042093953839926,0.0,0.006,14.0,3.0
po3_fractal,demon2,ETH,4h,2,2,0,,,,False,0.7649351640800018,40.0,0.006,14.0,3.0
po3_fractal,demon2,BTC,1h,7,3,4,,,,True,-25.04128284157114,49.04761904761905,0.006,14.0,5.0
po3_fractal,demon2,BTC,4h,6,4,2,,,,True,-9.166055269327089,40.0,0.006,14.0,5.0
po3_fractal,demon2,ETH,1h,4,2,2,,,,True,-0.32144358129999606,20.0,0.006,14.0,5.0
po3_fractal,demon2,ETH,4h,3,2,1,,,,True,0.8481767417400119,26.666666666666664,0.006,14.0,5.0
po3_fractal,demon2,BTC,1h,8,3,5,,,,False,-32.05513761460351,42.857142857142854,0.006,14.0,5.0
po3_fractal,demon2,BTC,4h,11,9,2,,,,False,4.516000354851336,59.142857142857146,0.006,14.0,5.0
po3_fractal,demon2,ETH,1h,9,5,4,,,,False,-1.603385638543988,11.428571428571429,0.006,14.0,5.0
po3_fractal,demon2,ETH,4h,4,3,1,,,,False,3.776307345092015,40.0,0.006,14.0,5.0
po3_fractal,demon2,BTC,1h,10,3,7,,,,True,-51.091617444634885,38.05555555555556,0.006,14.0,10.0
po3_fractal,demon2,BTC,4h,5,3,2,,,,True,-35.34176062985802,32.0,0.006,14.0,10.0
po3_fractal,demon2,ETH,1h,4,1,3,,,,True,0.8818416571400076,45.0,0.006,14.0,10.0
po3_fractal,demon2,ETH,4h,3,2,1,,,,True,0.8481767417400119,26.666666666666664,0.006,14.0,10.0
po3_fractal,demon2,BTC,1h,13,5,8,,,,False,-57.30848961663511,35.151515151515156,0.006,14.0,10.0
po3_fractal,demon2,BTC,4h,9,6,3,,,,False,93.04858735320107,55.0,0.006,14.0,10.0
po3_fractal,demon2,ETH,1h,9,4,5,,,,False,-0.4557998726879823,25.357142857142858,0.006,14.0,10.0
po3_fractal,demon2,ETH,4h,4,3,1,,,,False,3.776307345092015,40.0,0.006,14.0,10.0
